slug,url,site_id,source,category,subcategory,name,address,city,province,postal,master_versions,in_current_master,master_facility_id,keeper_slug,keeper_source,recommended_action,owner
michif-children-s-place-day-care-102629,https://www.kidease.ca/daycare/michif-children-s-place-day-care-102629,mb-102629,bundled,A2_possible_duplicate_review,bundled_legacy_dup|review_diff_address,Michif Children's Place Day Care,525 Main Street S,Dauphin,MB,R7N 1L3,,yes(dup),MB|102629,michif-children-s-place-102524,bundled,human review: same master centre but different address,Grok (site/Neon)
bright-beginnings-heartland-542f0d16,https://www.kidease.ca/daycare/bright-beginnings-heartland-542f0d16,mx-a691542f0d16,mx,A2_possible_duplicate_review,mx_copy_of_bundled|review_diff_address,Bright Beginnings - Heartland,"Headingley, MB",Headingley,MB,,M25796_0927|M25807_0928|M25863_0928_2150|M25863_0929_1526|M25863_0930_ids,yes(dup),MB|bright-beginnings-heartland|headingley,bright-beginnings-heartland-102908,bundled,human review: same master centre but different address,Grok (site/Neon)
prairie-meadows-early-learning-inc-site-2-368aa344,https://www.kidease.ca/daycare/prairie-meadows-early-learning-inc-site-2-368aa344,mx-6caa368aa344,mx,A2_possible_duplicate_review,mx_copy_of_bundled|review_diff_address,Prairie Meadows Early Learning Inc. Site 2,"Ile-des-Chenes, MB",Ile-des-Chenes,MB,,M25796_0927|M25807_0928|M25863_0928_2150|M25863_0929_1526|M25863_0930_ids,yes(dup),MB|prairie-meadows-early-learning-inc-site-2|ile-des-chenes,prairie-meadows-early-learning-inc-site-2-102927,bundled,human review: same master centre but different address,Grok (site/Neon)
la-salle-kidz-prairie-view-lakes-site-c52d30e2,https://www.kidease.ca/daycare/la-salle-kidz-prairie-view-lakes-site-c52d30e2,mx-fccac52d30e2,mx,A2_possible_duplicate_review,mx_copy_of_bundled|review_diff_address,La Salle KIDZ Prairie View Lakes Site,"La Salle, MB",La Salle,MB,,M25796_0927|M25807_0928|M25863_0928_2150|M25863_0929_1526|M25863_0930_ids,yes(dup),MB|la-salle-kidz-prairie-view-lakes-site|la-salle,la-salle-kidz-inc-daycare-centre-prairie-view-la-102932,bundled,human review: same master centre but different address,Grok (site/Neon)
tache-early-learning-centre-site-2-f90e134f,https://www.kidease.ca/daycare/tache-early-learning-centre-site-2-f90e134f,mx-6fb7f90e134f,mx,A2_possible_duplicate_review,mx_copy_of_bundled|review_diff_address,Tache Early Learning Centre Site 2,"Lorette, MB",Lorette,MB,,M25796_0927|M25807_0928|M25863_0928_2150|M25863_0929_1526|M25863_0930_ids,yes(dup),MB|tache-early-learning-centre-site-2|lorette,tache-early-learning-centre-site-2-102909,bundled,human review: same master centre but different address,Grok (site/Neon)
pembina-valley-child-care-westview-site-f05bfa37,https://www.kidease.ca/daycare/pembina-valley-child-care-westview-site-f05bfa37,mx-03eef05bfa37,mx,A2_possible_duplicate_review,mx_copy_of_bundled|review_diff_address,Pembina Valley Child Care Westview Site,"Morden, MB",Morden,MB,,M25796_0927|M25807_0928|M25863_0928_2150|M25863_0929_1526|M25863_0930_ids,yes(dup),MB|pembina-valley-child-care-westview-site|morden,pembina-valley-child-care-centre-westview-site-102998,bundled,human review: same master centre but different address,Grok (site/Neon)
oak-bluff-early-years-rtm-cfd089ad,https://www.kidease.ca/daycare/oak-bluff-early-years-rtm-cfd089ad,mx-953dcfd089ad,mx,A2_possible_duplicate_review,mx_copy_of_bundled|review_diff_address,Oak Bluff Early Years-RTM,"Oak Bluff, MB",Oak Bluff,MB,,M25796_0927|M25807_0928|M25863_0928_2150|M25863_0929_1526|M25863_0930_ids,yes(dup),MB|oak-bluff-early-years-rtm|oak-bluff,oak-bluff-early-years-rtm-102916,bundled,human review: same master centre but different address,Grok (site/Neon)
tyndall-play-and-learn-centre-b77fa6a7,https://www.kidease.ca/daycare/tyndall-play-and-learn-centre-b77fa6a7,mx-46dab77fa6a7,mx,A2_possible_duplicate_review,mx_copy_of_bundled|review_diff_address,Tyndall Play and Learn Centre,"Tyndall, MB",Tyndall,MB,,M25796_0927|M25807_0928|M25863_0928_2150|M25863_0929_1526|M25863_0930_ids,yes(dup),MB|tyndall-play-and-learn-centre|tyndall,tyndall-play-and-learn-centre-102940,bundled,human review: same master centre but different address,Grok (site/Neon)
whitemouth-child-care-centre-inc-27c70c82,https://www.kidease.ca/daycare/whitemouth-child-care-centre-inc-27c70c82,mx-2eb427c70c82,mx,A2_possible_duplicate_review,mx_copy_of_bundled|review_diff_address,Whitemouth Child Care Centre Inc.,"Whitemouth, MB",Whitemouth,MB,,M25796_0927|M25807_0928|M25863_0928_2150|M25863_0929_1526|M25863_0930_ids,yes(dup),MB|whitemouth-child-care-centre-inc|whitemouth,whitemouth-child-care-centre-inc-102578,bundled,human review: same master centre but different address,Grok (site/Neon)
happiness-is-inc-2742fc5a,https://www.kidease.ca/daycare/happiness-is-inc-2742fc5a,mx-94ea2742fc5a,mx,A2_possible_duplicate_review,mx_copy_of_bundled|review_diff_address,Happiness Is.... Inc.,Gym is also included as licenced space,Winnipeg,MB,R2H 3G2,M23927_0902|M23927_0923|M23927_1001|M25060_gh0909|M25594_gh0909|M25755_gh0910|M25331_0927|M25796_0927|M25807_0928|M25863_0928_2150|M25863_0929_1526|M25863_0930_ids,yes(dup),MB|1021,happiness-is-inc-9089,bundled,human review: same master centre but different address,Grok (site/Neon)
special-additions-child-care-centre-f79f54c2,https://www.kidease.ca/daycare/special-additions-child-care-centre-f79f54c2,mx-f9f4f79f54c2,mx,A2_possible_duplicate_review,mx_copy_of_bundled|review_diff_address,Special Additions Child Care Centre,Gulley Road,Bay Roberts,NL,A0A 1X0,M23927_0902|M23927_0923|M23927_1001|M25060_gh0909|M25594_gh0909|M25755_gh0910|M25331_0927|M25796_0927|M25807_0928|M25863_0928_2150|M25863_0929_1526|M25863_0930_ids,yes(dup),NL|SpecialAdditionsChildCareCentre|BayRoberts,special-additions-child-care-centre-ad,bundled,human review: same master centre but different address,Grok (site/Neon)
kidz-at-heart-learning-centre-inc-cefb27d3,https://www.kidease.ca/daycare/kidz-at-heart-learning-centre-inc-cefb27d3,mx-e903cefb27d3,mx,A2_possible_duplicate_review,mx_copy_of_bundled|review_diff_address,Kidz at Heart Learning Centre Inc.,58 Highroad South,Carbonear,NL,,M23927_0902|M23927_0923|M23927_1001|M25060_gh0909|M25594_gh0909|M25755_gh0910|M25331_0927|M25796_0927|M25807_0928|M25863_0928_2150|M25863_0929_1526|M25863_0930_ids,yes(dup),NL|KidzatHeartLearningCentreInc.|Carbonear,kidz-at-heart-learning-centre-he,bundled,human review: same master centre but different address,Grok (site/Neon)
new-fun-land-ix-a91f1ad9,https://www.kidease.ca/daycare/new-fun-land-ix-a91f1ad9,mx-7613a91f1ad9,mx,A2_possible_duplicate_review,mx_copy_of_bundled|review_diff_address,New Fun Land IX,Ressegieu Drive,Churchill Falls,NL,A0R 1A0,M23927_0902|M23927_0923|M23927_1001|M25060_gh0909|M25594_gh0909|M25755_gh0910|M25331_0927|M25796_0927|M25807_0928|M25863_0928_2150|M25863_0929_1526|M25863_0930_ids,yes(dup),NL|NewFunLandIX|ChurchillFalls,new-fun-land-ix-la,bundled,human review: same master centre but different address,Grok (site/Neon)
activ-time-preschool-and-day-care-62856346,https://www.kidease.ca/daycare/activ-time-preschool-and-day-care-62856346,mx-538c62856346,mx,A2_possible_duplicate_review,mx_copy_of_bundled|review_diff_address,Activ-Time Preschool & Day Care,14 Fowler's Road,Conception Bay South,NL,,M23927_0902|M23927_0923|M23927_1001|M25060_gh0909|M25594_gh0909|M25755_gh0910|M25331_0927|M25796_0927|M25807_0928|M25863_0928_2150|M25863_0929_1526|M25863_0930_ids,yes(dup),NL|Activ-TimePreschool&DayCare|ConceptionBaySouth,activ-time-preschool-and-daycare-time,bundled,human review: same master centre but different address,Grok (site/Neon)
st-edward-s-afterschool-982ed501,https://www.kidease.ca/daycare/st-edward-s-afterschool-982ed501,mx-ada9982ed501,mx,A2_possible_duplicate_review,mx_copy_of_bundled|review_diff_address,St. Edward's Afterschool,Longshore Road,Conception Bay South,NL,A1X 6H5,M23927_0902|M23927_0923|M23927_1001|M25060_gh0909|M25594_gh0909|M25755_gh0910|M25331_0927|M25796_0927|M25807_0928|M25863_0928_2150|M25863_0929_1526|M25863_0930_ids,yes(dup),NL|St.Edward'sAfterschool|ConceptionBaySouth,st-edward-s-afterschool-,bundled,human review: same master centre but different address,Grok (site/Neon)
play-learn-and-grow-child-care-centre-1719490c,https://www.kidease.ca/daycare/play-learn-and-grow-child-care-centre-1719490c,mx-39301719490c,mx,A2_possible_duplicate_review,mx_copy_of_bundled|review_diff_address,"Play, Learn & Grow Child Care Centre",33 Circular Road,Grand Falls-Windsor,NL,A2A 1A9,M23927_0902|M23927_0923|M23927_1001|M25060_gh0909|M25594_gh0909|M25755_gh0910|M25331_0927|M25796_0927|M25807_0928|M25863_0928_2150|M25863_0929_1526|M25863_0930_ids,yes(dup),"NL|Play,Learn&GrowChildCareCentre|GrandFalls-Windsor",play-learn-grow-child-care-centre-learn,bundled,human review: same master centre but different address,Grok (site/Neon)
ymca-children-s-learning-centre-78392b67,https://www.kidease.ca/daycare/ymca-children-s-learning-centre-78392b67,mx-8fd678392b67,mx,A2_possible_duplicate_review,mx_copy_of_bundled|review_diff_address,YMCA Children's Learning Centre,13B Price's Avenue,Grand Falls-Windsor,NL,A2B 1C9,M23927_0902|M23927_0923|M23927_1001|M25060_gh0909|M25594_gh0909|M25755_gh0910|M25331_0927|M25796_0927|M25807_0928|M25863_0928_2150|M25863_0929_1526|M25863_0930_ids,yes(dup),NL|YMCAChildren'sLearningCentre|GrandFalls-Windsor,ymca-children-s-learning-centre-child,bundled,human review: same master centre but different address,Grok (site/Neon)
robin-s-nest-child-care-centre-e5cee972,https://www.kidease.ca/daycare/robin-s-nest-child-care-centre-e5cee972,mx-c62ce5cee972,mx,A2_possible_duplicate_review,mx_copy_of_bundled|review_diff_address,Robin's Nest Child Care Centre,734 Chatham Street,Happy Valley-Goose Bay,NL,A0P 1C0,M23927_0902|M23927_0923|M23927_1001|M25060_gh0909|M25594_gh0909|M25755_gh0910|M25331_0927|M25796_0927|M25807_0928|M25863_0928_2150|M25863_0929_1526|M25863_0930_ids,yes(dup),NL|Robin'sNestChildCareCentre|HappyValley-GooseBay,robin-s-nest-child-care-centre-ne,bundled,human review: same master centre but different address,Grok (site/Neon)
building-blocks-quality-child-care-centre-2-st-joseph-s-3920505f,https://www.kidease.ca/daycare/building-blocks-quality-child-care-centre-2-st-joseph-s-3920505f,mx-cb943920505f,mx,A2_possible_duplicate_review,mx_copy_of_bundled|review_diff_address,Building Blocks Quality Child Care Centre #2 - St. Joseph's,St. Joseph's School,Harbour Breton,NL,A0H 1P0,M23927_0902|M23927_0923|M23927_1001|M25060_gh0909|M25594_gh0909|M25755_gh0910|M25331_0927|M25796_0927|M25807_0928|M25863_0928_2150|M25863_0929_1526|M25863_0930_ids,yes(dup),NL|BuildingBlocksQualityChildCareCentre#2-St.Joseph's|HarbourBreton,building-blocks-quality-child-care-centre-2-st-j-b,bundled,human review: same master centre but different address,Grok (site/Neon)
lourdes-preschool-0afb395f,https://www.kidease.ca/daycare/lourdes-preschool-0afb395f,mx-b69e0afb395f,mx,A2_possible_duplicate_review,mx_copy_of_bundled|review_diff_address,Lourdes Preschool,Lourdes Elementary School,Lourdes,NL,A0N 1R0,M23927_0902|M23927_0923|M23927_1001|M25060_gh0909|M25594_gh0909|M25755_gh0910|M25331_0927|M25796_0927|M25807_0928|M25863_0928_2150|M25863_0929_1526|M25863_0930_ids,yes(dup),NL|LourdesPreschool|Lourdes,lourdes-preschool-pr,bundled,human review: same master centre but different address,Grok (site/Neon)
little-people-s-workshop-smallwood-drive-c7f84abc,https://www.kidease.ca/daycare/little-people-s-workshop-smallwood-drive-c7f84abc,mx-e524c7f84abc,mx,A2_possible_duplicate_review,mx_copy_of_bundled|review_diff_address,Little People's Workshop - Smallwood Drive,56 Smallwood Drive,Mount Pearl,NL,A1N 1B1,M23927_0902|M23927_0923|M23927_1001|M25060_gh0909|M25594_gh0909|M25755_gh0910|M25331_0927|M25796_0927|M25807_0928|M25863_0928_2150|M25863_0929_1526|M25863_0930_ids,yes(dup),NL|LittlePeople'sWorkshop-SmallwoodDrive|MountPearl,little-people-s-workshop-smallwood-drive-peo,bundled,human review: same master centre but different address,Grok (site/Neon)
pigutsavik-centre-00f470d9,https://www.kidease.ca/daycare/pigutsavik-centre-00f470d9,mx-8f3300f470d9,mx,A2_possible_duplicate_review,mx_copy_of_bundled|review_diff_address,Pigutsavik Centre,LIHC Child Care Facility,Nain,NL,A0P 1L0,M23927_0902|M23927_0923|M23927_1001|M25060_gh0909|M25594_gh0909|M25755_gh0910|M25331_0927|M25796_0927|M25807_0928|M25863_0928_2150|M25863_0929_1526|M25863_0930_ids,yes(dup),NL|PigutsavikCentre|Nain,pigutsavik-centre-pigutsav,bundled,human review: same master centre but different address,Grok (site/Neon)
ymca-school-age-child-care-paradise-elementary-04d1df9b,https://www.kidease.ca/daycare/ymca-school-age-child-care-paradise-elementary-04d1df9b,mx-589104d1df9b,mx,A2_possible_duplicate_review,mx_copy_of_bundled|review_diff_address,YMCA School Age Child Care - Paradise Elementary,60 Karwood Drive,Paradise,NL,A1L 2T8,M23927_0902|M23927_0923|M23927_1001|M25060_gh0909|M25594_gh0909|M25755_gh0910|M25331_0927|M25796_0927|M25807_0928|M25863_0928_2150|M25863_0929_1526|M25863_0930_ids,yes(dup),NL|YMCASchoolAgeChildCare-ParadiseElementary|Paradise,ymca-school-age-child-care-paradise-elementary-schoo,bundled,human review: same master centre but different address,Grok (site/Neon)
ymca-wee-care-12ebed35,https://www.kidease.ca/daycare/ymca-wee-care-12ebed35,mx-288712ebed35,mx,A2_possible_duplicate_review,mx_copy_of_bundled|review_diff_address,YMCA Wee Care,8 Abbot Street,Peterview,NL,A0H 1Y0,M23927_0902|M23927_0923|M23927_1001|M25060_gh0909|M25594_gh0909|M25755_gh0910|M25331_0927|M25796_0927|M25807_0928|M25863_0928_2150|M25863_0929_1526|M25863_0930_ids,yes(dup),NL|YMCAWeeCare|Peterview,ymca-wee-care-center-c,bundled,human review: same master centre but different address,Grok (site/Neon)
kangnik-centre-b84da1c7,https://www.kidease.ca/daycare/kangnik-centre-b84da1c7,mx-cb69b84da1c7,mx,A2_possible_duplicate_review,mx_copy_of_bundled|review_diff_address,Kangnik Centre,"Rigolet, NL",Rigolet,NL,,M23927_0902|M23927_0923|M23927_1001|M25060_gh0909|M25594_gh0909|M25755_gh0910|M25331_0927|M25796_0927|M25807_0928|M25863_0928_2150|M25863_0929_1526|M25863_0930_ids,yes(dup),NL|KangnikCentre|Rigolet,kangnik-centre-ce,bundled,human review: same master centre but different address,Grok (site/Neon)
new-fun-land-ii-eff963cd,https://www.kidease.ca/daycare/new-fun-land-ii-eff963cd,mx-3ea6eff963cd,mx,A2_possible_duplicate_review,mx_copy_of_bundled|review_diff_address,New Fun Land II,86 Little Bay Road,Springdale,NL,A0J 1T0,M23927_0902|M23927_0923|M23927_1001|M25060_gh0909|M25594_gh0909|M25755_gh0910|M25331_0927|M25796_0927|M25807_0928|M25863_0928_2150|M25863_0929_1526|M25863_0930_ids,yes(dup),NL|NewFunLandII|Springdale,new-fun-land-ii-la,bundled,human review: same master centre but different address,Grok (site/Neon)
riddles-and-rhymes-daycare-centre-31a24b14,https://www.kidease.ca/daycare/riddles-and-rhymes-daycare-centre-31a24b14,mx-153431a24b14,mx,A2_possible_duplicate_review,mx_copy_of_bundled|review_diff_address,Riddles & Rhymes Daycare Centre,83 East Street,St. Anthony,NL,A0K 4T0,M23927_0902|M23927_0923|M23927_1001|M25060_gh0909|M25594_gh0909|M25755_gh0910|M25331_0927|M25796_0927|M25807_0928|M25863_0928_2150|M25863_0929_1526|M25863_0930_ids,yes(dup),NL|Riddles&RhymesDaycareCentre|St.Anthony,riddles-rhymes-daycare-rh,bundled,human review: same master centre but different address,Grok (site/Neon)
happy-times-preschool-931f34bc,https://www.kidease.ca/daycare/happy-times-preschool-931f34bc,mx-7b41931f34bc,mx,A2_possible_duplicate_review,mx_copy_of_bundled|review_diff_address,Happy Times Preschool,48 Bannerman Street,St. John'S,NL,A1C 6J9,M23927_0902|M23927_0923|M23927_1001|M25060_gh0909|M25594_gh0909|M25755_gh0910|M25331_0927|M25796_0927|M25807_0928|M25863_0928_2150|M25863_0929_1526|M25863_0930_ids,yes(dup),NL|HappyTimesPreschool|St.John'S,happy-times-preschool-time,bundled,human review: same master centre but different address,Grok (site/Neon)
international-friends-0455cb9f,https://www.kidease.ca/daycare/international-friends-0455cb9f,mx-49290455cb9f,mx,A2_possible_duplicate_review,mx_copy_of_bundled|review_diff_address,International Friends,10 Smithville Crescent,St. John'S,NL,A1B 2V2,M23927_0902|M23927_0923|M23927_1001|M25060_gh0909|M25594_gh0909|M25755_gh0910|M25331_0927|M25796_0927|M25807_0928|M25863_0928_2150|M25863_0929_1526|M25863_0930_ids,yes(dup),NL|InternationalFriends|St.John'S,international-friends-internat,bundled,human review: same master centre but different address,Grok (site/Neon)
the-children-s-centre-64c998eb,https://www.kidease.ca/daycare/the-children-s-centre-64c998eb,mx-2e5e64c998eb,mx,A2_possible_duplicate_review,mx_copy_of_bundled|review_diff_address,The Children's Centre,80 Craigmiller Avenue,St. John'S,NL,A1E 1Z8,M23927_0902|M23927_0923|M23927_1001|M25060_gh0909|M25594_gh0909|M25755_gh0910|M25331_0927|M25796_0927|M25807_0928|M25863_0928_2150|M25863_0929_1526|M25863_0930_ids,yes(dup),NL|TheChildren'sCentre|St.John'S,the-children-s-centre-childr,bundled,human review: same master centre but different address,Grok (site/Neon)
ymca-school-age-child-care-vanier-elementary-e72f1a58,https://www.kidease.ca/daycare/ymca-school-age-child-care-vanier-elementary-e72f1a58,mx-07d8e72f1a58,mx,A2_possible_duplicate_review,mx_copy_of_bundled|review_diff_address,YMCA School Age Child Care - Vanier Elementary,85 Ennis Avenue,St. John'S,NL,A1A 1Y7,M23927_0902|M23927_0923|M23927_1001|M25060_gh0909|M25594_gh0909|M25755_gh0910|M25331_0927|M25796_0927|M25807_0928|M25863_0928_2150|M25863_0929_1526|M25863_0930_ids,yes(dup),NL|YMCASchoolAgeChildCare-VanierElementary|St.John'S,ymca-school-age-child-care-vanier-elementary-schoo,bundled,human review: same master centre but different address,Grok (site/Neon)
ymca-twillingate-early-learning-and-child-care-centre-d554d79f,https://www.kidease.ca/daycare/ymca-twillingate-early-learning-and-child-care-centre-d554d79f,mx-721ad554d79f,mx,A2_possible_duplicate_review,mx_copy_of_bundled|review_diff_address,YMCA Twillingate Early Learning & Child Care Centre,2 Hughs Lane,Twillingate,NL,A0G 4M0,M23927_0902|M23927_0923|M23927_1001|M25060_gh0909|M25594_gh0909|M25755_gh0910|M25331_0927|M25796_0927|M25807_0928|M25863_0928_2150|M25863_0929_1526|M25863_0930_ids,yes(dup),NL|YMCATwillingateEarlyLearning&ChildCareCentre|Twillingate,ymca-twillingate-early-learning-child-care-twill,bundled,human review: same master centre but different address,Grok (site/Neon)
building-blocks-child-care-centre-50104a66,https://www.kidease.ca/daycare/building-blocks-child-care-centre-50104a66,mx-d99e50104a66,mx,A2_possible_duplicate_review,mx_copy_of_bundled|review_diff_address,Building Blocks Child Care Centre,70 Bowater Drive,Wabush,NL,A0R 1B0,M23927_0902|M23927_0923|M23927_1001|M25060_gh0909|M25594_gh0909|M25755_gh0910|M25331_0927|M25796_0927|M25807_0928|M25863_0928_2150|M25863_0929_1526|M25863_0930_ids,yes(dup),NL|BuildingBlocksChildCareCentre|Wabush,building-blocks-child-care-centre-b,bundled,human review: same master centre but different address,Grok (site/Neon)
fort-resolution-metis-daycare-5ce9717e,https://www.kidease.ca/daycare/fort-resolution-metis-daycare-5ce9717e,mx-4cba5ce9717e,mx,A2_possible_duplicate_review,mx_copy_of_bundled|review_diff_address,Fort Resolution Metis Daycare,715 RCMP Road,Fort Resolution,NT,X0E 0M0,M23927_0902|M23927_0923|M23927_1001|M25060_gh0909|M25594_gh0909|M25755_gh0910|M25331_0927|M25796_0927|M25807_0928|M25863_0928_2150|M25863_0929_1526|M25863_0930_ids,yes(dup),NT|FortResolutionMetisDaycare|FortResolution,fort-resolution-metis-daycare-resol,bundled,human review: same master centre but different address,Grok (site/Neon)
kids-corner-daycare-5ec71b2b,https://www.kidease.ca/daycare/kids-corner-daycare-5ec71b2b,mx-79ed5ec71b2b,mx,A2_possible_duplicate_review,mx_copy_of_bundled|review_diff_address,Kids Corner Daycare,Antoine Drive,Fort Simpson,NT,X0E 0N0,M23927_0902|M23927_0923|M23927_1001|M25060_gh0909|M25594_gh0909|M25755_gh0910|M25331_0927|M25796_0927|M25807_0928|M25863_0928_2150|M25863_0929_1526|M25863_0930_ids,yes(dup),NT|KidsCornerDaycare|FortSimpson,kids-corner-daycare-corne,bundled,human review: same master centre but different address,Grok (site/Neon)
open-doors-society-afterschool-program-8c8c374b,https://www.kidease.ca/daycare/open-doors-society-afterschool-program-8c8c374b,mx-0a8f8c8c374b,mx,A2_possible_duplicate_review,mx_copy_of_bundled|review_diff_address,Open Doors Society Afterschool Program,9906 98th Avenue,Fort Simpson,NT,,M23927_0902|M23927_0923|M23927_1001|M25060_gh0909|M25594_gh0909|M25755_gh0910|M25331_0927|M25796_0927|M25807_0928|M25863_0928_2150|M25863_0929_1526|M25863_0930_ids,yes(dup),NT|OpenDoorsSocietyAfterschoolProgram|FortSimpson,open-doors-society-afterschool-program-doors,bundled,human review: same master centre but different address,Grok (site/Neon)
open-doors-society-preschool-87223d89,https://www.kidease.ca/daycare/open-doors-society-preschool-87223d89,mx-034f87223d89,mx,A2_possible_duplicate_review,mx_copy_of_bundled|review_diff_address,Open Doors Society Preschool,9906 98th Avenue,Fort Simpson,NT,,M23927_0902|M23927_0923|M23927_1001|M25060_gh0909|M25594_gh0909|M25755_gh0910|M25331_0927|M25796_0927|M25807_0928|M25863_0928_2150|M25863_0929_1526|M25863_0930_ids,yes(dup),NT|OpenDoorsSocietyPreschool|FortSimpson,open-doors-society-preschool-doors,bundled,human review: same master centre but different address,Grok (site/Neon)
fort-smith-metis-daycare-41db20ab,https://www.kidease.ca/daycare/fort-smith-metis-daycare-41db20ab,mx-a4fc41db20ab,mx,A2_possible_duplicate_review,mx_copy_of_bundled|review_diff_address,Fort Smith Metis Daycare,"Fort Smith, NT",Fort Smith,NT,,M23927_0902|M23927_0923|M23927_1001|M25060_gh0909|M25594_gh0909|M25755_gh0910|M25331_0927|M25796_0927|M25807_0928|M25863_0928_2150|M25863_0929_1526|M25863_0930_ids,yes(dup),NT|FortSmithMetisDaycare|FortSmith,fort-smith-metis-daycare-smith,bundled,human review: same master centre but different address,Grok (site/Neon)
inuvik-aboriginal-headstart-d815cc6b,https://www.kidease.ca/daycare/inuvik-aboriginal-headstart-d815cc6b,mx-866bd815cc6b,mx,A2_possible_duplicate_review,mx_copy_of_bundled|review_diff_address,Inuvik Aboriginal Headstart,210 Kingmingya Road,Inuvik,NT,X0E 0T0,M23927_0902|M23927_0923|M23927_1001|M25060_gh0909|M25594_gh0909|M25755_gh0910|M25331_0927|M25796_0927|M25807_0928|M25863_0928_2150|M25863_0929_1526|M25863_0930_ids,yes(dup),NT|InuvikAboriginalHeadstart|Inuvik,inuvik-aboriginal-headstart-abo,bundled,human review: same master centre but different address,Grok (site/Neon)
shinning-star-day-home-b59f7d12,https://www.kidease.ca/daycare/shinning-star-day-home-b59f7d12,mx-bb73b59f7d12,mx,A2_possible_duplicate_review,mx_copy_of_bundled|review_diff_address,Shinning Star Day Home,"Yellowknife, NT",Yellowknife,NT,,M23927_0902|M23927_0923|M23927_1001|M25060_gh0909|M25594_gh0909|M25755_gh0910|M25331_0927|M25796_0927|M25807_0928|M25863_0928_2150|M25863_0929_1526|M25863_0930_ids,yes(dup),NT|ShinningStarDayHome|Yellowknife,shinning-star-day-home-s,bundled,human review: same master centre but different address,Grok (site/Neon)
solid-touch-dayhome-70a74961,https://www.kidease.ca/daycare/solid-touch-dayhome-70a74961,mx-066970a74961,mx,A2_possible_duplicate_review,mx_copy_of_bundled|review_diff_address,Solid Touch Dayhome,"Yellowknife, NT",Yellowknife,NT,,M23927_0902|M23927_0923|M23927_1001|M25060_gh0909|M25594_gh0909|M25755_gh0910|M25331_0927|M25796_0927|M25807_0928|M25863_0928_2150|M25863_0929_1526|M25863_0930_ids,yes(dup),NT|SolidTouchDayhome|Yellowknife,solid-touch-dayhome-touc,bundled,human review: same master centre but different address,Grok (site/Neon)
village-day-home-6be7fb9b,https://www.kidease.ca/daycare/village-day-home-6be7fb9b,mx-26da6be7fb9b,mx,A2_possible_duplicate_review,mx_copy_of_bundled|review_diff_address,Village Day Home,"Yellowknife, NT",Yellowknife,NT,,M23927_0902|M23927_0923|M23927_1001|M25060_gh0909|M25594_gh0909|M25755_gh0910|M25331_0927|M25796_0927|M25807_0928|M25863_0928_2150|M25863_0929_1526|M25863_0930_ids,yes(dup),NT|VillageDayHome|Yellowknife,village-day-home-da,bundled,human review: same master centre but different address,Grok (site/Neon)
y-k-kids-hub-f324776a,https://www.kidease.ca/daycare/y-k-kids-hub-f324776a,mx-c506f324776a,mx,A2_possible_duplicate_review,mx_copy_of_bundled|review_diff_address,Y-K Kids Hub,"Yellowknife, NT",Yellowknife,NT,,M23927_0902|M23927_0923|M23927_1001|M25060_gh0909|M25594_gh0909|M25755_gh0910|M25331_0927|M25796_0927|M25807_0928|M25863_0928_2150|M25863_0929_1526|M25863_0930_ids,yes(dup),NT|Y-KKidsHub|Yellowknife,y-k-kids-hub-h,bundled,human review: same master centre but different address,Grok (site/Neon)
ywca-afterschool-program-ecole-st-joseph-254-7e7287e0,https://www.kidease.ca/daycare/ywca-afterschool-program-ecole-st-joseph-254-7e7287e0,mx-e1bb7e7287e0,mx,A2_possible_duplicate_review,mx_copy_of_bundled|review_diff_address,YWCA Afterschool Program - Ecole St. Joseph - 254,489 Range Lake Road,Yellowknife,NT,X1A 2N5,M23927_0902|M23927_0923|M23927_1001|M25060_gh0909|M25594_gh0909|M25755_gh0910|M25331_0927|M25796_0927|M25807_0928|M25863_0928_2150|M25863_0929_1526|M25863_0930_ids,yes(dup),NT|YWCAAfterschoolProgram-EcoleSt.Joseph-254|Yellowknife,ywca-afterschool-program-ecole-st-joseph-254-after,bundled,human review: same master centre but different address,Grok (site/Neon)
ywca-afterschool-program-ecole-st-joseph-368-1df5bb49,https://www.kidease.ca/daycare/ywca-afterschool-program-ecole-st-joseph-368-1df5bb49,mx-f3a91df5bb49,mx,A2_possible_duplicate_review,mx_copy_of_bundled|review_diff_address,YWCA Afterschool Program - Ecole St. Joseph - 368,489 Range Lake Road,Yellowknife,NT,X1A 2N5,M23927_0902|M23927_0923|M23927_1001|M25060_gh0909|M25594_gh0909|M25755_gh0910|M25331_0927|M25796_0927|M25807_0928|M25863_0928_2150|M25863_0929_1526|M25863_0930_ids,yes(dup),NT|YWCAAfterschoolProgram-EcoleSt.Joseph-368|Yellowknife,ywca-afterschool-program-ecole-st-joseph-368-after,bundled,human review: same master centre but different address,Grok (site/Neon)
ywca-afterschool-program-mildred-hall-school-98-f319f6be,https://www.kidease.ca/daycare/ywca-afterschool-program-mildred-hall-school-98-f319f6be,mx-bfaef319f6be,mx,A2_possible_duplicate_review,mx_copy_of_bundled|review_diff_address,YWCA Afterschool Program - Mildred Hall School - 98,5408 50th Avenue,Yellowknife,NT,X1A 1E5,M23927_0902|M23927_0923|M23927_1001|M25060_gh0909|M25594_gh0909|M25755_gh0910|M25331_0927|M25796_0927|M25807_0928|M25863_0928_2150|M25863_0929_1526|M25863_0930_ids,yes(dup),NT|YWCAAfterschoolProgram-MildredHallSchool-98|Yellowknife,ywca-afterschool-program-mildred-hall-school-98-after,bundled,human review: same master centre but different address,Grok (site/Neon)
ywca-afterschool-program-nj-macpherson-school-357-38e7a2c4,https://www.kidease.ca/daycare/ywca-afterschool-program-nj-macpherson-school-357-38e7a2c4,mx-58e738e7a2c4,mx,A2_possible_duplicate_review,mx_copy_of_bundled|review_diff_address,YWCA Afterschool Program - NJ MacPherson School - 357,525 Range Lake Road,Yellowknife,NT,X1A 3X1,M23927_0902|M23927_0923|M23927_1001|M25060_gh0909|M25594_gh0909|M25755_gh0910|M25331_0927|M25796_0927|M25807_0928|M25863_0928_2150|M25863_0929_1526|M25863_0930_ids,yes(dup),NT|YWCAAfterschoolProgram-NJMacPhersonSchool-357|Yellowknife,ywca-afterschool-program-nj-macpherson-school-35-after,bundled,human review: same master centre but different address,Grok (site/Neon)
ywca-afterschool-program-nj-macpherson-school-400-5d24d452,https://www.kidease.ca/daycare/ywca-afterschool-program-nj-macpherson-school-400-5d24d452,mx-c2105d24d452,mx,A2_possible_duplicate_review,mx_copy_of_bundled|review_diff_address,YWCA Afterschool Program - NJ MacPherson School - 400,525 Range Lake Road,Yellowknife,NT,X1A 3X1,M23927_0902|M23927_0923|M23927_1001|M25060_gh0909|M25594_gh0909|M25755_gh0910|M25331_0927|M25796_0927|M25807_0928|M25863_0928_2150|M25863_0929_1526|M25863_0930_ids,yes(dup),NT|YWCAAfterschoolProgram-NJMacPhersonSchool-400|Yellowknife,ywca-afterschool-program-nj-macpherson-school-40-after,bundled,human review: same master centre but different address,Grok (site/Neon)
ywca-afterschool-program-nj-macpherson-school-148-d56748f5,https://www.kidease.ca/daycare/ywca-afterschool-program-nj-macpherson-school-148-d56748f5,mx-7b0cd56748f5,mx,A2_possible_duplicate_review,mx_copy_of_bundled|review_diff_address,YWCA Afterschool Program - NJ MacPherson School -148,525 Range Lake Road,Yellowknife,NT,X1A 3X1,M23927_0902|M23927_0923|M23927_1001|M25060_gh0909|M25594_gh0909|M25755_gh0910|M25331_0927|M25796_0927|M25807_0928|M25863_0928_2150|M25863_0929_1526|M25863_0930_ids,yes(dup),NT|YWCAAfterschoolProgram-NJMacPhersonSchool-148|Yellowknife,ywca-afterschool-program-nj-macpherson-school-14-after,bundled,human review: same master centre but different address,Grok (site/Neon)
ywca-afterschool-program-range-lake-north-school-325-4a5e43a5,https://www.kidease.ca/daycare/ywca-afterschool-program-range-lake-north-school-325-4a5e43a5,mx-2fff4a5e43a5,mx,A2_possible_duplicate_review,mx_copy_of_bundled|review_diff_address,YWCA Afterschool Program - Range Lake North School - 325,170 Borden Drive,Yellowknife,NT,X1A 3R1,M23927_0902|M23927_0923|M23927_1001|M25060_gh0909|M25594_gh0909|M25755_gh0910|M25331_0927|M25796_0927|M25807_0928|M25863_0928_2150|M25863_0929_1526|M25863_0930_ids,yes(dup),NT|YWCAAfterschoolProgram-RangeLakeNorthSchool-325|Yellowknife,ywca-afterschool-program-range-lake-north-school-after,bundled,human review: same master centre but different address,Grok (site/Neon)
ywca-afterschool-program-mildred-hall-2-479-44fd14fd,https://www.kidease.ca/daycare/ywca-afterschool-program-mildred-hall-2-479-44fd14fd,mx-5aab44fd14fd,mx,A2_possible_duplicate_review,mx_copy_of_bundled|review_diff_address,YWCA Afterschool Program Mildred Hall (2)-479,5408 50th Avenue,Yellowknife,NT,X1A 1E5,M23927_0902|M23927_0923|M23927_1001|M25060_gh0909|M25594_gh0909|M25755_gh0910|M25331_0927|M25796_0927|M25807_0928|M25863_0928_2150|M25863_0929_1526|M25863_0930_ids,yes(dup),NT|YWCAAfterschoolProgramMildredHall(2)-479|Yellowknife,ywca-afterschool-program-mildred-hall-2-479-after,bundled,human review: same master centre but different address,Grok (site/Neon)
ywca-afterschool-program-cole-t-o-256-10862a51,https://www.kidease.ca/daycare/ywca-afterschool-program-cole-t-o-256-10862a51,mx-b9fa10862a51,mx,A2_possible_duplicate_review,mx_copy_of_bundled|review_diff_address,YWCA Afterschool Program École Įtłʼǫ̀ - 256,5700 51A Avenue,Yellowknife,NT,X1A 1G7,M23927_0902|M23927_0923|M23927_1001|M25060_gh0909|M25594_gh0909|M25755_gh0910|M25331_0927|M25796_0927|M25807_0928|M25863_0928_2150|M25863_0929_1526|M25863_0930_ids,yes(dup),NT|YWCAAfterschoolProgramÉcoleĮtłʼǫ̀-256|Yellowknife,ywca-afterschool-program-cole-t-o-256-after,bundled,human review: same master centre but different address,Grok (site/Neon)
ywca-afterschool-program-cole-t-o-395-ee2a0b50,https://www.kidease.ca/daycare/ywca-afterschool-program-cole-t-o-395-ee2a0b50,mx-ed5bee2a0b50,mx,A2_possible_duplicate_review,mx_copy_of_bundled|review_diff_address,YWCA Afterschool Program École Įtłʼǫ̀ - 395,5700 51A Avenue,Yellowknife,NT,X1A 1G7,M23927_0902|M23927_0923|M23927_1001|M25060_gh0909|M25594_gh0909|M25755_gh0910|M25331_0927|M25796_0927|M25807_0928|M25863_0928_2150|M25863_0929_1526|M25863_0930_ids,yes(dup),NT|YWCAAfterschoolProgramÉcoleĮtłʼǫ̀-395|Yellowknife,ywca-afterschool-program-cole-t-o-395-after,bundled,human review: same master centre but different address,Grok (site/Neon)
ywca-afterschool-program-cole-t-o-396-64c6476e,https://www.kidease.ca/daycare/ywca-afterschool-program-cole-t-o-396-64c6476e,mx-215564c6476e,mx,A2_possible_duplicate_review,mx_copy_of_bundled|review_diff_address,YWCA Afterschool Program École Įtłʼǫ̀ - 396,5700 51A Avenue,Yellowknife,NT,X1A 1G7,M23927_0902|M23927_0923|M23927_1001|M25060_gh0909|M25594_gh0909|M25755_gh0910|M25331_0927|M25796_0927|M25807_0928|M25863_0928_2150|M25863_0929_1526|M25863_0930_ids,yes(dup),NT|YWCAAfterschoolProgramÉcoleĮtłʼǫ̀-396|Yellowknife,ywca-afterschool-program-cole-t-o-396-after,bundled,human review: same master centre but different address,Grok (site/Neon)
ywca-afterschool-program-cole-t-o-465-7d8cf753,https://www.kidease.ca/daycare/ywca-afterschool-program-cole-t-o-465-7d8cf753,mx-0f447d8cf753,mx,A2_possible_duplicate_review,mx_copy_of_bundled|review_diff_address,YWCA Afterschool Program École Įtłʼǫ̀ - 465,5700 51A Avenue,Yellowknife,NT,X1A 1G7,M23927_0902|M23927_0923|M23927_1001|M25060_gh0909|M25594_gh0909|M25755_gh0910|M25331_0927|M25796_0927|M25807_0928|M25863_0928_2150|M25863_0929_1526|M25863_0930_ids,yes(dup),NT|YWCAAfterschoolProgramÉcoleĮtłʼǫ̀-465|Yellowknife,ywca-afterschool-program-cole-t-o-465-after,bundled,human review: same master centre but different address,Grok (site/Neon)
ywca-afterschool-program-cole-t-o-466-bb0b18a7,https://www.kidease.ca/daycare/ywca-afterschool-program-cole-t-o-466-bb0b18a7,mx-e0c6bb0b18a7,mx,A2_possible_duplicate_review,mx_copy_of_bundled|review_diff_address,YWCA Afterschool Program École Įtłʼǫ̀ - 466,5700 51A Avenue,Yellowknife,NT,X1A 1G7,M23927_0902|M23927_0923|M23927_1001|M25060_gh0909|M25594_gh0909|M25755_gh0910|M25331_0927|M25796_0927|M25807_0928|M25863_0928_2150|M25863_0929_1526|M25863_0930_ids,yes(dup),NT|YWCAAfterschoolProgramÉcoleĮtłʼǫ̀-466|Yellowknife,ywca-afterschool-program-cole-t-o-466-after,bundled,human review: same master centre but different address,Grok (site/Neon)
ywca-afterschool-program-cole-t-o-6-660d110a,https://www.kidease.ca/daycare/ywca-afterschool-program-cole-t-o-6-660d110a,mx-d4da660d110a,mx,A2_possible_duplicate_review,mx_copy_of_bundled|review_diff_address,YWCA Afterschool Program École Įtłʼǫ̀ - 6,5700 51A Avenue,Yellowknife,NT,X1A 1G7,M23927_0902|M23927_0923|M23927_1001|M25060_gh0909|M25594_gh0909|M25755_gh0910|M25331_0927|M25796_0927|M25807_0928|M25863_0928_2150|M25863_0929_1526|M25863_0930_ids,yes(dup),NT|YWCAAfterschoolProgramÉcoleĮtłʼǫ̀-6|Yellowknife,ywca-afterschool-program-cole-t-o-6-after,bundled,human review: same master centre but different address,Grok (site/Neon)
your-wooden-treehouse-day-care-7d273c05,https://www.kidease.ca/daycare/your-wooden-treehouse-day-care-7d273c05,mx-59d37d273c05,mx,A2_possible_duplicate_review,mx_copy_of_bundled|review_diff_address,Your Wooden Treehouse - Day Care,220 Dupuis Street,Belle River,ON,N0R 1A0,M23927_0902|M23927_0923|M23927_1001|M25060_gh0909|M25594_gh0909|M25755_gh0910|M25331_0927|M25796_0927|M25807_0928|M25863_0928_2150|M25863_0929_1526|M25863_0930_ids,yes(dup),ON|0001013,lakeshore-community-childcare-centre-1013,bundled,human review: same master centre but different address,Grok (site/Neon)
chabad-of-midtown-st-clair-13295,https://www.kidease.ca/daycare/chabad-of-midtown-st-clair-13295,on-tor-13295,bundled,A2_possible_duplicate_review,bundled_legacy_dup|review_diff_address,Chabad Of Midtown - St Clair,546 St Clair Ave W,Toronto,ON,M6C 1A5,,yes(dup),ON|13295,family-day-care-services-parkland-child-care-cen-13295,bundled,human review: same master centre but different address,Grok (site/Neon)
toronto-metropolitan-university-early-learning-c-1824,https://www.kidease.ca/daycare/toronto-metropolitan-university-early-learning-c-1824,on-tor-1824,bundled,A2_possible_duplicate_review,bundled_legacy_dup|review_diff_address,Toronto Metropolitan University Early Learning Centre (Tmu Elc),350 Victoria St,Toronto,ON,M5B 2K3,,yes(dup),ON|0001824,ymca-child-care-lockview-0001824,bundled,human review: same master centre but different address,Grok (site/Neon)
prince-albert-childcare-co-operative-0e890cb6,https://www.kidease.ca/daycare/prince-albert-childcare-co-operative-0e890cb6,mx-d2580e890cb6,mx,A2_possible_duplicate_review,mx_copy_of_bundled|review_diff_address,Prince Albert Childcare Co-operative,199 6th Street East,Prince Albert,SK,S6V 0M9,M25331_0927|M25796_0927|M25807_0928|M25863_0928_2150|M25863_0929_1526|M25863_0930_ids,yes(dup),SK|prince albert childcare co operative|S6V 0M9,prince-albert-child-care-co-operative-alb,bundled,human review: same master centre but different address,Grok (site/Neon)
confederation-park-child-care-center-2a136148,https://www.kidease.ca/daycare/confederation-park-child-care-center-2a136148,mx-4dcd2a136148,mx,A2_possible_duplicate_review,mx_copy_of_bundled|review_diff_address,Confederation Park Child Care Center,3555 John A. MacDonald Road,Saskatoon,SK,,M23927_0902|M23927_0923|M23927_1001|M25060_gh0909|M25594_gh0909|M25755_gh0910|M25331_0927|M25796_0927|M25807_0928|M25863_0928_2150|M25863_0929_1526|M25863_0930_ids,yes(dup),SK|ConfederationParkChildCareCenter|306-978-2223,confederation-park-childcare-centre-confeder,bundled,human review: same master centre but different address,Grok (site/Neon)
ussu-child-care-centre-inc-2d82137b,https://www.kidease.ca/daycare/ussu-child-care-centre-inc-2d82137b,mx-3cea2d82137b,mx,A2_possible_duplicate_review,mx_copy_of_bundled|review_diff_address,USSU Child Care Centre Inc.,221 Cumberland Avenue North,Saskatoon,SK,S7N 1M3,M25331_0927|M25796_0927|M25807_0928|M25863_0928_2150|M25863_0929_1526|M25863_0930_ids,yes(dup),SK|ussu child care centre inc|Saskatoon|S7N 1M3,ussu-child-care-centre-child,bundled,human review: same master centre but different address,Grok (site/Neon)
swift-current-child-care-centre-9dc1f05e,https://www.kidease.ca/daycare/swift-current-child-care-centre-9dc1f05e,mx-b1879dc1f05e,mx,A2_possible_duplicate_review,mx_copy_of_bundled|review_diff_address,Swift Current Child Care Centre,287 13th Avenue Northeast,Swift Current,SK,S9H 2V8,M23927_0902|M23927_0923|M23927_1001|M25060_gh0909|M25594_gh0909|M25755_gh0910|M25331_0927|M25796_0927|M25807_0928|M25863_0928_2150|M25863_0929_1526|M25863_0930_ids,yes(dup),SK|SwiftCurrentChildCareCentre|306-773-5066,swift-current-child-care-centre-curr,bundled,human review: same master centre but different address,Grok (site/Neon)
