duplicate_slug,duplicate_site_id,duplicate_source,keeper_slug,keeper_site_id,name,keeper_name,duplicate_address,keeper_address,city,province,postal,keeper_postal,match,redirect_from,redirect_to,subcategory,reason,slug,url,site_id,source,category,address,master_versions,in_current_master,master_facility_id,keeper_source,recommended_action,owner
erickson-kiddie-kollege-8c899a60,mx-a9b28c899a60,mx,erickson-kiddie-kollege-2108,mb-2108,Erickson Kiddie Kollege,Erickson Kiddie Kollege,29 Queen Elizabeth Road,47 Third Street NW,Erickson,MB,R0J 0P0,R0J 0P0,different(0.18),/daycare/erickson-kiddie-kollege-8c899a60,/daycare/erickson-kiddie-kollege-2108,mx_copy_of_bundled|high_same_postal,address_differs:different(0.18),,,,,,,,,,,,
les-boutons-d-or-inc-1e34ac68,mx-b3c51e34ac68,mx,les-boutons-d-or-103023,mb-103023,Les Boutons d'Or Inc.,Les Boutons d'Or,ÉCRGR - salles 107,310 Lamoureux Road,Ile Des Chenes,MB,R0A 0T1,R0A 0T1,different(0.12),/daycare/les-boutons-d-or-inc-1e34ac68,/daycare/les-boutons-d-or-103023,mx_copy_of_bundled|high_same_postal,address_differs:different(0.12),,,,,,,,,,,,
busy-nest-day-care-inc-25f06eec,mx-e7d225f06eec,mx,busy-nest-day-care-inc-1081,mb-1081,Busy Nest Day Care Inc.,Busy Nest Day Care Inc.,159  Main Street,1035 Ash Blvd,Morris,MB,R0G 1K0,R0G 1K0,different(0.42),/daycare/busy-nest-day-care-inc-25f06eec,/daycare/busy-nest-day-care-inc-1081,mx_copy_of_bundled|high_same_postal,address_differs:different(0.42),,,,,,,,,,,,
morris-early-learning-centre-railroad-site-100201,mb-100201,bundled,busy-nest-day-care-inc-1081,mb-1081,Morris Early Learning Centre Railroad Site,Busy Nest Day Care Inc.,159 Main St,1035 Ash Blvd,Morris,MB,R0G 1K0,R0G 1K0,different(0.42),/daycare/morris-early-learning-centre-railroad-site-100201,/daycare/busy-nest-day-care-inc-1081,bundled_legacy_dup|high_same_postal,address_differs:different(0.42),,,,,,,,,,,,
les-amis-de-la-source-9419ed95,mx-26d19419ed95,mx,les-amis-de-la-source-102900,mb-102900,Les Amis de La Source,Les Amis de la Source,Ecole La Source,T-120 St. Barbara Avenue,Shilo,MB,R0K 2A0,R0K 2A0,different(0.23),/daycare/les-amis-de-la-source-9419ed95,/daycare/les-amis-de-la-source-102900,mx_copy_of_bundled|high_same_postal,address_differs:different(0.23),,,,,,,,,,,,
les-louveteaux-42b4208d,mx-1cdb42b4208d,mx,les-louveteaux-102969,mb-102969,Les Louveteaux,Les Louveteaux,garderie,271 Weir Road,Thompson,MB,R8N 1P1,R8N 1P1,different(0.21),/daycare/les-louveteaux-42b4208d,/daycare/les-louveteaux-102969,mx_copy_of_bundled|high_same_postal,address_differs:different(0.21),,,,,,,,,,,,
,,,ymca-school-age-youth-development-john-mahood-95888ab3,,Ymca School Age Youth Development-John Mahood,,,,Elmira,ON,N3B 1G1,,,,,mx_dup_of_mx|high_same_street,keeper_not_in_centres.json,ymca-school-age-youth-development-john-mahood-e462d81a,https://www.kidease.ca/daycare/ymca-school-age-youth-development-john-mahood-e462d81a,mx-491de462d81a,mx,A_duplicate_listing,5 First Street,M23927_0902|M23927_0923|M23927_1001|M25060_gh0909|M25594_gh0909|M25755_gh0910|M25331_0927,yes(dup),ON|0006628,mx,hide (merged_into keeper) via ops:merge-duplicates,Grok (site/Neon)
garderie-chez-tante-laure-2-13508,on-tor-13508,bundled,garderie-chez-tante-laure-2-56546,on-56546,Garderie Chez Tante Laure 2,Garderie Chez Tante Laure 2,255 Coronation Dr,255 Coronation Promenade,Toronto,ON,M1E 2J3,M1V 4L3,same_number_low_sim(0.74),/daycare/garderie-chez-tante-laure-2-13508,/daycare/garderie-chez-tante-laure-2-56546,bundled_legacy_dup|high_same_street,address_differs:same_number_low_sim(0.74),,,,,,,,,,,,
,,,director-s-902-892-1817-4a070828,,Director’s # 902-892-1817,,,,Charlottetown,PE,,,,,,mx_dup_of_mx|high_same_street,keeper_not_in_centres.json,boys-and-girls-club-of-charlottetown-92825868,https://www.kidease.ca/daycare/boys-and-girls-club-of-charlottetown-92825868,mx-56a392825868,mx,A_duplicate_listing,Mailing Address:    35 St. Peter’s Road,M23927_0902|M23927_0923|M23927_1001|M25060_gh0909|M25594_gh0909|M25755_gh0910|M25331_0927,yes(dup),PE|Director’s#902-892-1817|902-892-2223,mx,hide (merged_into keeper) via ops:merge-duplicates,Grok (site/Neon)
hunter-river-early-learning-centre-inc-2b3a1a57,mx-fecb2b3a1a57,mx,hunter-river-early-learning-centre-riv,pe-7-hunter-riv,Hunter River Early Learning Centre Inc.,Hunter River Early Learning Centre,19807 Route 2 (Central Queens Elementary School property),Hunter River,Hunter River,PE,C0A 1N0,C0A 1N0,different(0.12),/daycare/hunter-river-early-learning-centre-inc-2b3a1a57,/daycare/hunter-river-early-learning-centre-riv,mx_copy_of_bundled|high_same_postal,address_differs:different(0.12),,,,,,,,,,,,
warman-childcare-centre-ee166c9c,mx-02b8ee166c9c,mx,warman-child-care-centre-chi,sk-45-warman-chi,Warman Childcare Centre,Warman Child Care Centre,300 8th Avenue North,Warman,Warman,SK,S0K 4S0,S0K 4S0,different(0.21),/daycare/warman-childcare-centre-ee166c9c,/daycare/warman-child-care-centre-chi,mx_copy_of_bundled|high_same_postal,address_differs:different(0.21),,,,,,,,,,,,
