id,slug,name,city,phone,license_number,website,address,platform_live,has_real_photo,missing_ages,missing_fees,missing_photo,age_min_months,age_max_months,infant_monthly,toddler_monthly,preschool_monthly,part_time_monthly,photo_url,source
mb-100141,acorn-family-place-playroom-100141,Acorn Family Place Playroom,Winnipeg,(204) 560-3151,MB-100141,,205-222 Furby Street,0,1,1,1,0,,,,,,,,
mb-1150,action-centre-day-nursery-inc-1150,Action Centre Day Nursery Inc.,Winnipeg,(204) 582-1903,MB-1150,,377  Dufferin Avenue,0,1,1,1,0,,,,,,,,
mb-101548,advantage-child-care-academy-inc-101548,Advantage Child Care Academy Inc.,Winnipeg,(204) 453-2222,MB-101548,,51  Scurfield Boulevard,0,1,1,1,0,,,,,,,,
mb-3001,agassiz-child-care-centre-inc-3001,Agassiz Child Care Centre Inc.,Winnipeg,(204) 269-3779,MB-3001,,131 Leach Street,0,1,1,1,0,,,,,,,,
mb-100902,aleph-bet-child-life-enrichment-forest-park-scho-100902,Aleph-Bet Child Life Enrichment Forest Park School Age Program Inc.,Winnipeg,(204) 586-1110,MB-100902,,130 Forest Park Drive,0,1,1,1,0,,,,,,,,
mb-1001,aleph-bet-child-life-enrichment-program-inc-1001,Aleph-Bet Child Life Enrichment Program Inc.,Winnipeg,(204) 586-1110,MB-1001,,1007  Sinclair Street,0,1,1,1,0,,,,,,,,
mb-100901,aleph-bet-child-life-enrichment-school-age-progr-100901,Aleph-Bet Child Life Enrichment School Age Program Inc. - Margaret Park,Winnipeg,(204) 586-1110,MB-100901,,385 Cork Avenue,0,1,1,1,0,,,,,,,,
mb-1252,ashworth-children-s-centre-incorporated-1252,Ashworth Children's Centre Incorporated,Winnipeg,(204) 254-8412,MB-1252,,164  Southglen Boulevard,0,1,1,1,0,,,,,,,,
mb-102700,avicenna-academy-102700,Avicenna Academy,Winnipeg,(431) 998-0554,MB-102700,,200 Dalhousie Drive,0,1,1,1,0,,,,,,,,
mb-101850,bambini-montessori-preschool-inc-101850,Bambini Montessori Preschool Inc.,Winnipeg,(204) 421-2046,MB-101850,,A-1086  St. Mary's Road,0,1,1,1,0,,,,,,,,
mb-3096,beaumont-day-care-inc-3096,Beaumont Day Care Inc.,Winnipeg,(204) 895-8758,MB-3096,,5880  Betsworth Avenue,0,1,1,1,0,,,,,,,,
mb-9265,beautiful-savior-lutheran-school-inc-birchdale-9265,Beautiful Savior Lutheran School Inc. (Birchdale),Winnipeg,(204) 984-9600,MB-9265,,52  Birchdale Avenue,0,1,1,1,0,,,,,,,,
mb-1242,behavioural-health-foundation-day-care-1242,Behavioural Health Foundation Day Care,Winnipeg,(204) 269-8613,MB-1242,,3514 Pembina Highway,0,1,1,1,0,,,,,,,,
mb-103141,behavioural-health-foundation-school-age-103141,Behavioural Health Foundation School Age,Winnipeg,(204) 269-8613,MB-103141,,35  De La Digue Ave,0,1,1,1,0,,,,,,,,
mb-100937,bh-beginnings-daycare-centre-100937,BH Beginnings DayCare Centre,Winnipeg,(204) 784-1600,MB-100937,,630 Westminster Street,0,1,1,1,0,,,,,,,,
mb-103006,bridgwater-montessori-103006,Bridgwater Montessori,Winnipeg,(204) 809-1115,MB-103006,,Unit 10  70- Park East Drive,0,1,1,1,0,,,,,,,,
mb-100814,bright-beginnings-for-kids-inc-100814,Bright Beginnings for Kids INC.,Winnipeg,(204) 415-4125,MB-100814,,29  Des Meurons Street,0,1,1,1,0,,,,,,,,
mb-102899,bright-scholars-montessori-102899,Bright Scholars Montessori,Winnipeg,(431) 807-9000,MB-102899,,325 North Town Road,0,1,1,1,0,,,,,,,,
mb-103244,brightling-children-s-academy-inc-103244,Brightling Children's Academy Inc.,Winnipeg,(204) 899-5030,MB-103244,,1461 Chevrier boulevard,0,1,1,1,0,,,,,,,,
mb-102052,building-blocks-on-balmoral-102052,Building Blocks on Balmoral,Winnipeg,(204) 560-0081,MB-102052,,51  Balmoral Street,0,1,1,1,0,,,,,,,,
mb-3010,cairns-children-s-centre-inc-3010,Cairns Children's Centre Inc.,Winnipeg,(204) 261-4446,MB-3010,,1100 Chancellor Drive,0,1,1,1,0,,,,,,,,
mb-1004,campus-children-s-centre-inc-1004,Campus Children's Centre Inc.,Winnipeg,(204) 474-9546,MB-1004,,15 - 19 Dysart Road,0,1,1,1,0,,,,,,,,
mb-1006,carpathia-children-s-centre-inc-1006,Carpathia Children's Centre Inc.,Winnipeg,(204) 489-6014,MB-1006,,1777 Grant Avenue,0,1,1,1,0,,,,,,,,
mb-9360,carpathia-jb-mitchell-site-9360,Carpathia; JB Mitchell Site,Winnipeg,(204) 489-6014,MB-9360,,1720 John Brebeuf Road,0,1,1,1,0,,,,,,,,
mb-1007,carter-early-learning-centre-inc-1007,Carter Early Learning Centre Inc.,Winnipeg,(204) 452-3220,MB-1007,,465B Stafford Street,0,1,1,1,0,,,,,,,,
mb-1276,casa-montessori-amp-orff-school-fennel-1276,Casa Montessori &amp; Orff School Fennel,Winnipeg,(204) 475-8063,MB-1276,,80 Fennel Street,0,1,1,1,0,,,,,,,,
mb-7923,casa-montessori-amp-orff-school-inc-7923,Casa Montessori &amp; Orff School Inc.,Winnipeg,(204) 487-6167,MB-7923,,1055 Wilkes Avenue,0,1,1,1,0,,,,,,,,
mb-101711,centre-d-apprentissage-et-de-garde-d-enfants-de--101711,Centre D'apprentissage et de garde d'enfants de Saint-Boniface,Winnipeg,(204) 233-7677,MB-101711,,205 Rue Despins,0,1,1,1,0,,,,,,,,
mb-1013,day-nursery-centre-inc-gretta-brown-1013,Day Nursery Centre Inc. - Gretta Brown,Winnipeg,(204) 586-3763,MB-1013,,336 flora Avenue,0,1,1,1,0,,,,,,,,
mb-1012,day-nursery-centre-inc-kennedy-site-1012,Day Nursery Centre Inc. - Kennedy Site,Winnipeg,(204) 942-6022,MB-1012,,355 Kennedy St.,0,1,1,1,0,,,,,,,,
mb-1043,discovery-children-s-centre-inc-1043,Discovery Children's Centre Inc.,Winnipeg,(204) 889-2689,MB-1043,,Rm1-12-367 Hampton Street,0,1,1,1,0,,,,,,,,
mb-101065,down-to-earth-children-s-centre-101065,Down to Earth Children's Centre,Winnipeg,(204) 488-1787,MB-101065,,300 Carpathia Road,0,1,1,1,0,,,,,,,,
mb-1016,epiphany-children-s-centre-inc-1016,Epiphany Children's Centre Inc.,Winnipeg,(204) 261-7682,MB-1016,,196  Dalhousie Drive,0,1,1,1,0,,,,,,,,
mb-1009,fort-garry-child-care-centre-co-op-inc-1009,Fort Garry Child Care Centre Co-op Inc.,Winnipeg,(204) 453-7600,MB-1009,,1555 Pembina Highway,0,1,1,1,0,,,,,,,,
mb-1017,fort-rouge-co-op-day-nursery-inc-1017,Fort Rouge Co-op Day Nursery Inc.,Winnipeg,(204) 452-8969,MB-1017,,513 Stradbrook Avenue,0,1,1,1,0,,,,,,,,
mb-1039,freight-house-early-learning-and-care-inc-infant-1039,Freight House Early Learning and Care Inc.Infant and IRCOM Site,Winnipeg,(204) 772-4107,MB-1039,,470  Pacific Avenue,0,1,1,1,0,,,,,,,,
mb-100131,inspired-by-wonder-inc-school-site-100131,Inspired by Wonder Inc. - School site,Winnipeg,(204) 586-7950,MB-100131,,550 Robertson Street,0,1,1,1,0,,,,,,,,
mb-101665,inspired-by-wonder-inc-sscy-site-101665,Inspired by Wonder Inc. - SSCY site,Winnipeg,(204) 258-6800,MB-101665,,1155  Notre Dame Avenue,0,1,1,1,0,,,,,,,,
mb-101384,kids-amp-company-fort-st-101384,Kids &amp; Company Fort St.,Winnipeg,(204) 504-4289,MB-101384,,158 Fort Street,0,1,1,1,0,,,,,,,,
mb-1027,kings-park-day-care-centre-inc-1027,Kings Park Day Care Centre Inc.,Winnipeg,(204) 275-8688,MB-1027,,230  Dalhousie Drive,0,1,1,1,0,,,,,,,,
mb-1028,knox-day-nursery-1028,Knox Day Nursery,Winnipeg,(204) 943-1795,MB-1028,,400 Edmonton Street,0,1,1,1,0,,,,,,,,
mb-3005,lakewood-children-s-centre-inc-3005,Lakewood Children's Centre Inc.,Winnipeg,(204) 832-5802,MB-3005,,55  Kay Crescent,0,1,1,1,0,,,,,,,,
mb-1214,lindenwoods-child-care-centre-inc-1214,Lindenwoods Child Care Centre Inc.,Winnipeg,(204) 489-7056,MB-1214,,1  Princemere Road,0,1,1,1,0,,,,,,,,
mb-100903,makoonsag-intergenerational-children-s-centre-100903,Makoonsag Intergenerational Children's Centre,Winnipeg,(204) 415-5328,MB-100903,,527 Selkirk Avenue,0,1,1,1,0,,,,,,,,
mb-1057,nor-west-early-learning-and-child-care-centre-1057,Nor'West Early Learning and Child Care Centre,Winnipeg,(204) 940-2165,MB-1057,,105 Lucas Avenue,0,1,1,1,0,,,,,,,,
mb-100048,paradise-montessori-preschool-inc-100048,Paradise Montessori Preschool Inc.,Winnipeg,(204) 832-0866,MB-100048,,1341  Kenaston Boulevard,0,1,1,1,0,,,,,,,,
mb-100170,prairie-children-s-centres-pembina-100170,Prairie Children's Centres Pembina,Winnipeg,(204) 478-8123,MB-100170,,285 Pembina Highway,0,1,1,1,0,,,,,,,,
mb-100801,r-b-russell-infant-centre-manidoo-gi-minni-gonaa-100801,R.B.Russell Infant Centre/Manidoo Gi Minni Gonaan (Lord Selkirk Park),Winnipeg,(204) 504-6422,MB-100801,,102-269  Dufferin Avenue,0,1,1,1,0,,,,,,,,
mb-1040,r-r-c-early-childhood-centre-inc-1040,R.R.C. Early Childhood Centre Inc.,Winnipeg,(204) 632-2244,MB-1040,,A101-2055  Notre Dame Avenue Avenue,0,1,1,1,0,,,,,,,,
mb-1050,seven-oaks-child-day-care-centre-inc-1050,Seven Oaks Child Day Care Centre Inc.,Winnipeg,(204) 632-3691,MB-1050,,2300 McPhillips Street,0,1,1,1,0,,,,,,,,
mb-100808,sky-s-the-limit-montessori-school-100808,Sky's The Limit Montessori School,Winnipeg,(204) 661-4441,MB-100808,,3202 Birds Hill Road,0,1,1,1,0,,,,,,,,
mb-100351,splash-child-enrichment-centre-inc-mcgregor-loca-100351,Splash Child Enrichment Centre Inc (McGregor Location),Winnipeg,(204) 582-3299,MB-100351,,363 McGregor Street,0,1,1,1,0,,,,,,,,
mb-1206,st-anne-s-day-nursery-inc-1206,St. Anne's Day Nursery Inc.,Winnipeg,(204) 253-9422,MB-1206,,425  St. Anne's Road,0,1,1,1,0,,,,,,,,
mb-100042,st-maurice-school-age-centre-100042,St. Maurice School Age Centre,Winnipeg,(204) 475-4045,MB-100042,,1639 Pembina Highway,0,1,1,1,0,,,,,,,,
mb-1054,sugar-n-spice-kiddie-haven-inc-1054,Sugar N' Spice Kiddie Haven Inc.,Winnipeg,(204) 339-4992,MB-1054,,123 Red River Boulevard W,0,1,1,1,0,,,,,,,,
mb-1074,u-w-s-a-day-care-centre-1074,U.W.S.A. Day Care Centre,Winnipeg,(204) 786-9898,MB-1074,,548 Furby Place,0,1,1,1,0,,,,,,,,
mb-1061,univillage-preschool-and-infant-centre-inc-1061,Univillage Preschool and Infant Centre Inc.,Winnipeg,(204) 953-2240,MB-1061,,100-99 Dalhousie Drive,0,1,1,1,0,,,,,,,,
mb-1147,wild-strawberry-children-s-centre-1147,Wild Strawberry Children's Centre,Winnipeg,(204) 783-1397,MB-1147,,659  Alverstone Street,0,1,1,1,0,,,,,,,,
mb-2024,winnipeg-montessori-school-inc-2024,Winnipeg Montessori School Inc.,Winnipeg,(204) 452-3315,MB-2024,,1525 Willson Place,0,1,1,1,0,,,,,,,,
mb-1052,ymca-ywca-of-winnipeg-south-child-care-centre-1052,YMCA-YWCA of Winnipeg South Child Care Centre,Winnipeg,(2042) 355-0045,MB-1052,,5  Fermor Avenue,0,1,1,1,0,,,,,,,,
mb-101862,andrews-early-learning-centre-101862,Andrews Early Learning Centre,Winnipeg,(204) 334-7075,MB-101862,,801 Andrews Street,0,0,1,1,1,,,,,,,,
mb-1036,anne-ross-day-nursery-1036,Anne Ross Day Nursery,Winnipeg,(204) 589-9407,MB-1036,,511 King Street,0,0,1,1,1,,,,,,,,
mb-101827,arthur-day-fun-club-101827,Arthur Day Fun Club,Winnipeg,(204) 981-6112,MB-101827,,43  Whitehall Boulevard,0,0,1,1,1,,,,,,,,
mb-1249,assiniboine-castle-daycare-co-op-inc-1249,Assiniboine Castle Daycare Co-op Inc.,Winnipeg,(204) 896-0833,MB-1249,,500  Shaftesbury Boulevard,0,0,1,1,1,,,,,,,,
mb-9508,assiniboine-castle-daycare-coop-inc-school-age-p-9508,Assiniboine Castle Daycare Coop Inc. School Age Program,Winnipeg,(204) 896-0833,MB-9508,,Rm 16-515  Laidlaw Boulevard,0,0,1,1,1,,,,,,,,
mb-103026,assiniboine-children-s-centre-inc-linwood-103026,Assiniboine Children's Centre Inc @Linwood,Winnipeg,(204) 889-9858,MB-103026,,266 Linwood Street,0,0,1,1,1,,,,,,,,
mb-3002,assiniboine-children-s-centre-inc-3002,Assiniboine Children's Centre Inc.,Winnipeg,(204) 889-3308,MB-3002,,175  Winston Road,0,0,1,1,1,,,,,,,,
mb-102576,assiniboine-children-s-centre-inc-parkside-site-102576,Assiniboine Children's Centre Inc. Parkside Site,Winnipeg,(204) 889-3308,MB-102576,,135 Parkside Drive,0,0,1,1,1,,,,,,,,
mb-100249,bairdmore-before-and-after-school-program-100249,Bairdmore Before and After School Program,Winnipeg,(204) 295-7040,MB-100249,,700  Bairdmore Boulevard,0,0,1,1,1,,,,,,,,
mb-102137,beautiful-savior-lutheran-child-care-st-mary-s-102137,Beautiful Savior Lutheran Child Care (St. Mary's),Winnipeg,(204) 256-3799,MB-102137,,1541-B  St Mary's Road,0,0,1,1,1,,,,,,,,
mb-2169,beautiful-savior-nursery-school-st-mary-s-2169,Beautiful Savior Nursery School (St.Mary's),Winnipeg,(204) 256-3799,MB-2169,,1541  St. Mary's Road,0,0,1,1,1,,,,,,,,
mb-100529,belmont-learning-centre-100529,Belmont Learning Centre,Winnipeg,(204) 334-7075,MB-100529,,525 Belmont Street,0,0,1,1,1,,,,,,,,
mb-100532,bright-future-child-care-center-inc-100532,Bright Future Child Care Center Inc.,Winnipeg,(204) 667-2930,MB-100532,,898 Henderson Highway,0,0,1,1,1,,,,,,,,
mb-3088,brock-corydon-day-care-inc-3088,Brock Corydon Day Care Inc.,Winnipeg,(204) 489-4558,MB-3088,,1510  Corydon Avenue,0,0,1,1,1,,,,,,,,
mb-1002,brooklands-day-care-centre-inc-1002,Brooklands Day Care Centre Inc.,Winnipeg,(204) 632-1367,MB-1002,,1950 Pacific Avenue W,0,0,1,1,1,,,,,,,,
mb-102891,bumble-bee-early-learning-centre-inc-102891,Bumble Bee Early Learning Centre Inc.,Winnipeg,(204) 221-0024,MB-102891,,1770 King Edward  Street,0,0,1,1,1,,,,,,,,
mb-1264,bumper-crop-early-learning-centre-inc-1264,Bumper Crop Early Learning Centre Inc.,Winnipeg,(204) 983-1252,MB-1264,,2090 Jefferson Ave,0,0,1,1,1,,,,,,,,
mb-1233,busy-bee-day-care-centre-1233,Busy Bee Day Care Centre,Winnipeg,(204) 775-6506,MB-1233,,646-648 McGee Street,0,0,1,1,1,,,,,,,,
mb-102363,busy-bee-day-care-centre-inc-school-age-program-102363,Busy Bee Day Care Centre Inc. School Age Program,Winnipeg,(204) 775-6506,MB-102363,,640 McGee Street,0,0,1,1,1,,,,,,,,
mb-1199,c-a-p-t-grosvenor-inc-1199,C.A.P.T. (Grosvenor) Inc.,Winnipeg,(204) 925-6152,MB-1199,,1045  Grosvenor Avenue,0,0,1,1,1,,,,,,,,
mb-1003,c-a-p-t-inc-1003,C.A.P.T. Inc.,Winnipeg,(204) 925-6150,MB-1003,,245  Queenston Street,0,0,1,1,1,,,,,,,,
mb-100636,cairns-parc-la-salle-100636,Cairns Parc La Salle,St Norbert Winnipeg,(204) 275-1521,MB-100636,,190 Houde Drive,0,0,1,1,1,,,,,,,,
mb-7834,can-you-imagine-preschool-care-and-education-cen-7834,Can You Imagine Preschool Care and Education Centre Inc.,Winnipeg,(204) 668-4822,MB-7834,,55  Stadacona Street,0,0,1,1,1,,,,,,,,
mb-101214,can-you-imagine-school-age-care-and-education-ce-101214,Can You Imagine School Age Care and Education Centre Inc. - River Elm,Winnipeg,(204) 795-1767,MB-101214,,500   Riverton Avenue,0,0,1,1,1,,,,,,,,
mb-100820,can-you-imagine-school-age-care-amp-education-ce-100820,Can You Imagine School-Age Care &amp; Education Centre,Winnipeg,(204) 795-5298,MB-100820,,96  Carmen Avenue,0,0,1,1,1,,,,,,,,
mb-102749,can-you-imagine-weston-102749,Can You Imagine- Weston,Winnpeg,(204) 668-4822,MB-102749,,1410 Logan Ave.,0,0,1,1,1,,,,,,,,
mb-7893,canterbury-park-before-and-after-school-program-7893,Canterbury Park Before and After School Program,Winnipeg,(204) 777-0386,MB-7893,,605  Wayota Street,0,0,1,1,1,,,,,,,,
mb-3026,canterbury-park-day-care-inc-3026,Canterbury Park Day Care Inc.,Winnipeg,(204) 224-4377,MB-3026,,875 McMeans Avenue E,0,0,1,1,1,,,,,,,,
mb-1046,care-and-share-children-s-centre-inc-1046,Care and Share Children's Centre Inc.,Winnipeg,(204) 837-5358,MB-1046,,22 Strauss Drive,0,0,1,1,1,,,,,,,,
mb-1005,care-a-lot-nursery-inc-1005,Care-A-Lot Nursery Inc.,Winnipeg,(204) 669-0436,MB-1005,,829 Watt Street,0,0,1,1,1,,,,,,,,
mb-3084,central-park-child-care-inc-3084,Central Park Child Care Inc.,Winnipeg,(204) 942-4454,MB-3084,,101-461 Cumberland Avenue,0,0,1,1,1,,,,,,,,
mb-103160,centre-d-apprentissage-sage-creek-103160,Centre D'apprentissage Sage Creek,Winnipeg,(204) 255-5484,MB-103160,,45 Witham Road,0,0,1,1,1,,,,,,,,
mb-9829,centre-soleil-inc-9829,Centre Soleil Inc.,Winnipeg,(204) 889-4097,MB-9829,,81 Quail Ridge Chemin,0,0,1,1,1,,,,,,,,
mb-101123,chabad-torah-tots-101123,Chabad Torah Tots,Winnipeg,(204) 339-8737,MB-101123,,1845 Mathers Avenue,0,0,1,1,1,,,,,,,,
mb-1284,champlain-community-child-care-centre-inc-1284,Champlain Community Child Care Centre Inc.,Winnipeg,(204) 586-8883,MB-1284,,119-275 Church Avenue,0,0,1,1,1,,,,,,,,
mb-9318,chancellor-before-and-after-school-program-9318,Chancellor Before and After School Program,Winnipeg,(204) 275-3623,MB-9318,,1520 Chancellor Drive,0,0,1,1,1,,,,,,,,
mb-3057,chapman-day-care-inc-3057,Chapman Day Care Inc.,Winnipeg,(204) 832-6280,MB-3057,,450  Laxdal Avenue,0,0,1,1,1,,,,,,,,
mb-1023,children-at-the-centre-1023,Children at the Centre,Winnipeg,(204) 787-4396,MB-1023,,60 Pearl Street,0,0,1,1,1,,,,,,,,
mb-2026,children-s-house-2026,Children's House,Winnipeg,(204) 956-1622,MB-2026,,150 Pacific Avenue,0,0,1,1,1,,,,,,,,
mb-101062,concordia-child-care-centre-101062,Concordia Child Care Centre,Winnipeg,(204) 661-7117,MB-101062,,CP 108-1000  Molson Avenue,0,0,1,1,1,,,,,,,,
mb-1010,crestview-park-day-nursery-incorporated-1010,Crestview Park Day Nursery Incorporated,Winnipeg,(204) 837-6022,MB-1010,,37 Voyageur Avenue,0,0,1,1,1,,,,,,,,
mb-3003,crestview-school-children-s-centre-inc-3003,Crestview School Children's Centre Inc.,Winnipeg,(204) 888-0772,MB-3003,,333 Morgan Crescent,0,0,1,1,1,,,,,,,,
mb-1172,cuddles-infant-centre-1172,Cuddles Infant Centre,Winnipeg,(204) 775-3889,MB-1172,,141  Arlington Street,0,0,1,1,1,,,,,,,,
mb-3109,dalhousie-day-care-inc-3109,Dalhousie Day Care Inc.,Winnipeg,(204) 269-3510,MB-3109,,262  Dalhousie Drive,0,0,1,1,1,,,,,,,,
mb-1148,dante-day-nursery-inc-1148,Dante Day Nursery Inc.,Winnipeg,(204) 474-0403,MB-1148,,358  Cockburn Street N,0,0,1,1,1,,,,,,,,
mb-100900,david-livingstone-school-age-program-100900,David Livingstone School Age Program,Winnipeg,(204) 996-1096,MB-100900,,270 Flora avenue,0,0,1,1,1,,,,,,,,
mb-100689,dawn-and-dusk-before-and-after-school-program-in-100689,Dawn and Dusk Before and After School Program Inc,Winnipeg,(204) 654-1594,MB-100689,,1020  Louelda Street,0,0,1,1,1,,,,,,,,
mb-1011,day-nursery-centre-inc-crossways-1011,Day Nursery Centre Inc. - Crossways,Winnipeg,(204) 775-6513,MB-1011,,103-222 Furby Street,0,0,1,1,1,,,,,,,,
mb-101488,day-nursery-centre-inc-kid-gloves-101488,Day Nursery Centre Inc. – Kid Gloves,Winnipeg,(204) 786-6128,MB-101488,,555 Logan Avenue,0,0,1,1,1,,,,,,,,
mb-9320,downtown-ym-ywca-before-and-after-school-program-9320,Downtown YM-YWCA Before and After School Program,Winnipeg,(204) 953-7316,MB-9320,,301 Vaughan Street,0,0,1,1,1,,,,,,,,
mb-1144,downtown-ym-ywca-creative-play-1144,Downtown YM-YWCA Creative Play,Winnipeg,(204) 953-7316,MB-1144,,301  Vaughan Street,0,0,1,1,1,,,,,,,,
mb-100414,eagle-wing-early-education-centre-100414,Eagle Wing Early Education Centre,Winnipeg,(204) 947-9411,MB-100414,,99 Euclid Avenue,0,0,1,1,1,,,,,,,,
mb-3012,earl-grey-children-s-centre-inc-3012,Earl Grey Children's Centre Inc.,Winnipeg,(204) 453-7387,MB-3012,,340  Cockburn Street N,0,0,1,1,1,,,,,,,,
mb-100630,east-transcona-before-and-after-program-inc-100630,East Transcona Before and After Program Inc.,Winnipeg,(204) 221-1639,MB-100630,,500  Redonda Street,0,0,1,1,1,,,,,,,,
mb-102175,eastern-star-preschool-102175,Eastern Star Preschool,Winnipeg,(204) 831-6132,MB-102175,,525 Cathcart Street,0,0,1,1,1,,,,,,,,
mb-9529,ecole-crane-before-and-after-school-program-9529,Ecole Crane Before and After School Program,Winnipeg,(204) 453-7972,MB-9529,,888 Crane Avenue,0,0,1,1,1,,,,,,,,
mb-2131,ecole-guyot-pre-kindergarten-inc-2131,Ecole Guyot Pre-Kindergarten Inc.,Winnipeg,(204) 257-9712,MB-2131,,400  Willowlake Drive,0,0,1,1,1,,,,,,,,
mb-9295,ecole-varennes-before-and-after-school-program-9295,Ecole Varennes Before and After School Program,Winnipeg,(204) 235-5004,MB-9295,,22  Varennes Avenue,0,0,1,1,1,,,,,,,,
mb-1008,elmwood-day-nursery-inc-1008,Elmwood Day Nursery Inc.,Winnipeg,(204) 668-7944,MB-1008,,75 Brazier Avenue,0,0,1,1,1,,,,,,,,
mb-3126,emu-school-age-centre-inc-3126,EMU School Age Centre Inc.,Winnipeg,(204) 222-9517,MB-3126,,25 Regina Place,0,0,1,1,1,,,,,,,,
mb-1038,explore-and-discover-early-learning-centre-inc-1038,Explore and Discover Early Learning Centre Inc.,Winnipeg,(204) 488-1284,MB-1038,,251  Edgeland Boulevard,0,0,1,1,1,,,,,,,,
mb-3119,explore-and-discover-early-learning-centre-inc-s-3119,Explore and Discover Early Learning Centre Inc. - School Age,Winnipeg,(204) 488-1284,MB-3119,,2300 Corydon Avenue,0,0,1,1,1,,,,,,,,
mb-1053,explorer-s-children-s-centre-inc-1053,Explorer's Children's Centre Inc.,Winnipeg,(204) 774-9264,MB-1053,,1466 William Avenue W,0,0,1,1,1,,,,,,,,
mb-1045,fairlane-children-s-centre-incorporated-1045,Fairlane Children's Centre Incorporated,Winnipeg,(204) 889-0855,MB-1045,,369 Fairlane Avenue,0,0,1,1,1,,,,,,,,
mb-1157,faith-children-s-centre-1157,Faith Children's Centre,Winnipeg,(204) 253-2587,MB-1157,,1311 Dakota Street,0,0,1,1,1,,,,,,,,
mb-101395,festival-early-learning-and-child-care-centre-mo-101395,Festival Early Learning and Child Care Centre - Morgan Site,Winnipeg,(204) 801-4307,MB-101395,,305 Morgan Crescent,0,0,1,1,1,,,,,,,,
mb-102555,festival-early-learning-and-child-care-centre-in-102555,Festival Early Learning and Child Care Centre Inc. - Buchanan site,Winnipeg,(204) 889-5572,MB-102555,,815  Buchanan Boulevard,0,0,1,1,1,,,,,,,,
mb-101255,fort-garry-e-v-a-school-age-program-101255,Fort Garry E.V.A. School Age Program,Winnipeg,(204) 453-7600,MB-101255,,810  Waterford Avenue,0,0,1,1,1,,,,,,,,
mb-101072,fort-garry-h-g-i-school-age-program-101072,Fort Garry H.G.I. School Age Program,Winnipeg,(204) 479-0945,MB-101072,,960  Scurfield Boulevard,0,0,1,1,1,,,,,,,,
mb-100379,fort-garry-oakenwald-school-age-program-100379,Fort Garry Oakenwald School Age Program,Winnipeg,(204) 452-9933,MB-100379,,666  Oakenwald Avenue,0,0,1,1,1,,,,,,,,
mb-102722,fort-rouge-child-care-102722,Fort Rouge Child Care,Winnipeg,(204) 453-3088,MB-102722,,290  Lilac Street,0,0,1,1,1,,,,,,,,
mb-3004,fort-rouge-child-care-program-board-inc-3004,Fort Rouge Child Care Program Board Inc.,Winnipeg,(204) 453-3088,MB-3004,,525  Wardlaw Avenue,0,0,1,1,1,,,,,,,,
mb-102240,fort-rouge-co-op-day-nursery-gladstone-school-si-102240,Fort Rouge Co-op Day Nursery - Gladstone School Site,Winnipeg,(204) 452-8969,MB-102240,,500 Gertrude Street,0,0,1,1,1,,,,,,,,
mb-102422,freight-house-early-learning-amp-care-inc-logan--102422,Freight House Early Learning &amp; Care Inc. Logan Site,Winnipeg,(204) 772-4107,MB-102422,,560 Logan  Avenue,0,0,1,1,1,,,,,,,,
mb-100996,freight-house-early-learning-and-care-inc-duffer-100996,Freight House Early Learning and Care Inc. Dufferin Site,Winnipeg,(204) 772-4107,MB-100996,,545 Alexander Avenue,0,0,1,1,1,,,,,,,,
mb-1018,freight-house-early-learning-and-care-inc-ross-s-1018,Freight House Early Learning and Care Inc. Ross Site,Winnipeg,(204) 772-4107,MB-1018,,505 Ross Avenue,0,0,1,1,1,,,,,,,,
mb-100238,frontenac-before-and-after-school-program-100238,Frontenac Before and After School Program,Winnipeg,(204) 255-5078,MB-100238,,866  Autumnwood Drive,0,0,1,1,1,,,,,,,,
mb-3015,garden-grove-child-care-program-inc-3015,Garden Grove Child Care Program Inc.,Winnipeg,(204) 632-9987,MB-3015,,2340 Burrows Avenue,0,0,1,1,1,,,,,,,,
mb-102087,garden-grove-child-care-program-inc-preschool-si-102087,Garden Grove Child Care Program Inc. Preschool Site,Winnipeg,(204) 697-0050,MB-102087,,2370 Burrows Avenue,0,0,1,1,1,,,,,,,,
mb-101931,garderie-les-petits-genies-corporation-101931,Garderie Les Petits Genies Corporation,Winnipeg,(204) 691-0419,MB-101931,,831  Beaverhill Boulevard,0,0,1,1,1,,,,,,,,
mb-2005,general-vanier-nursery-school-inc-2005,General Vanier Nursery School Inc.,Winnipeg,(204) 253-2559,MB-2005,,18  Lomond Boulevard,0,0,1,1,1,,,,,,,,
mb-100842,governor-semple-children-s-place-100842,Governor Semple Children's Place,Winnipeg,(204) 334-7075,MB-100842,,150  Hartford Avenue,0,0,1,1,1,,,,,,,,
mb-2219,greendell-tiny-tots-nursery-school-2219,Greendell Tiny Tots Nursery School,Winnipeg,(431) 788-6883,MB-2219,,75 Woodlawn Avenue,0,0,1,1,1,,,,,,,,
mb-102704,guiding-minds-montessori-school-102704,Guiding Minds Montessori School,Winnipeg,(204) 294-2999,MB-102704,,4945 Portage Avenue,0,0,1,1,1,,,,,,,,
mb-9089,happiness-is-inc-9089,Happiness Is Inc.,Winnipeg,(204) 797-7029,MB-9089,,363 Enfield Crescent,0,0,1,1,1,,,,,,,,
mb-101106,happiness-is-inc-ecole-howden-before-and-aftersc-101106,"Happiness Is....Inc., Ecole Howden Before and Afterschool Program",Winnipeg,(204) 797-2491,MB-101106,,150 Howden Road,0,0,1,1,1,,,,,,,,
mb-102023,happiness-is-inc-before-and-afterschool-program--102023,Happiness Is...Inc Before and Afterschool Program (Provencher),Winnipeg,(204) 797-3793,MB-102023,,320 ave de la Cathedrale avenue,0,0,1,1,1,,,,,,,,
mb-2037,happy-face-children-s-centre-2037,Happy Face Children's Centre,Winnipegosis,(204) 656-4474,MB-2037,,416  5th Street,0,0,1,1,1,,,,,,,,
mb-1022,harmony-day-care-centre-1022,Harmony Day Care Centre,Winnipeg,(204) 956-2340,MB-1022,,375 Assiniboine Avenue,0,0,1,1,1,,,,,,,,
mb-3038,harrow-co-operative-children-s-centre-inc-3038,Harrow Co-operative Children's Centre Inc.,Winnipeg,(204) 453-1477,MB-3038,,550 Harrow Street,0,0,1,1,1,,,,,,,,
mb-101459,harrow-co-operative-children-s-centre-inc-infant-101459,Harrow Co-operative Children's Centre Inc. Infant &amp; Preschool,Winnipeg,(204) 453-1477,MB-101459,,611 Guelph Street,0,0,1,1,1,,,,,,,,
mb-3016,harstone-children-s-centre-3016,Harstone Children's Centre,Winnipeg,(204) 783-6175,MB-3016,,905 Sargent Avenue,0,0,1,1,1,,,,,,,,
mb-3073,harstone-children-s-centre-alverstone-unit-3073,Harstone Children's Centre - Alverstone Unit,Winnipeg,(204) 775-7847,MB-3073,,875 Alverstone Street,0,0,1,1,1,,,,,,,,
mb-102575,harstone-children-s-centre-clifton-location-102575,Harstone Children's Centre - Clifton Location,Winnipeg,(204) 779-8274,MB-102575,,1070 Clifton Street,0,0,1,1,1,,,,,,,,
mb-9131,harstone-children-s-centre-minto-9131,Harstone Children's Centre - Minto,Winnipeg,(204) 772-9288,MB-9131,,687  Minto Street,0,0,1,1,1,,,,,,,,
mb-100992,harstone-children-s-centre-dominion-location-100992,Harstone Children's Centre Dominion location,Winnipeg,(204) 783-1522,MB-100992,,948 Sargent Avenue,0,0,1,1,1,,,,,,,,
mb-101646,harstone-children-s-centre-principal-sparling-sc-101646,Harstone Children's Centre/Principal Sparling School,Winnipeg,(204) 779-4585,MB-101646,,1150  Sherburn Street,0,0,1,1,1,,,,,,,,
mb-101340,henderson-early-learning-child-care-centre-101340,Henderson Early Learning Child Care Centre,Winnipeg,(204) 996-9253,MB-101340,,1490 Henderson Highway,0,0,1,1,1,,,,,,,,
mb-102970,heritage-park-children-s-programs-102970,Heritage Park Children's Programs,Winnipeg,(204) 831-5950,MB-102970,,363 Thompson Dr.,0,0,1,1,1,,,,,,,,
mb-3074,heritage-park-children-s-programs-inc-3074,Heritage Park Children's Programs Inc.,Winnipeg,(204) 831-5950,MB-3074,,47 Heritage Boulevard,0,0,1,1,1,,,,,,,,
mb-102965,heritage-park-children-s-programs-inc-athlone-102965,Heritage Park Children's Programs Inc. - Athlone,Winnipeg,(204) 831-5950,MB-102965,,110 Athlone Drive,0,0,1,1,1,,,,,,,,
mb-9677,heritage-park-children-s-programs-inc-jameswood--9677,Heritage Park Children's Programs Inc. Jameswood Site,Winnipeg,(204) 885-7140,MB-9677,,1  Braintree Crescent,0,0,1,1,1,,,,,,,,
mb-101877,highbury-early-learning-amp-child-care-101877,Highbury Early Learning &amp; Child Care,Winnipeg,(204) 691-0311,MB-101877,,99  Highbury Road,0,0,1,1,1,,,,,,,,
mb-101768,horizon-s-access-101768,Horizon's Access,Winnipeg,(204) 831-9732,MB-101768,,280 Booth Drive,0,0,1,1,1,,,,,,,,
mb-1014,horizons-children-s-centre-1014,Horizons Children's Centre,Winnipeg,(204) 837-2015,MB-1014,,367 Hampton Street,0,0,1,1,1,,,,,,,,
mb-9539,horizons-children-s-centre-inc-grace-9539,Horizons Children's Centre Inc. /Grace,Winnipeg,(204) 837-0729,MB-9539,,408 Booth Drive,0,0,1,1,1,,,,,,,,
mb-1286,huron-child-care-inc-1286,Huron Child Care Inc.,Winnipeg,(204) 582-0743,MB-1286,,1120 McPhillips Street,0,0,1,1,1,,,,,,,,
mb-102039,immaculate-heart-of-mary-school-lubov-nursery-sc-102039,Immaculate Heart of Mary School Lubov Nursery School,Winnipeg,(204) 669-1023,MB-102039,,35  Marcie Street,0,0,1,1,1,,,,,,,,
mb-3017,inkster-community-child-care-inc-3017,Inkster Community Child Care Inc.,Winnipeg,(204) 582-1755,MB-3017,,633 Inkster Boulevard,0,0,1,1,1,,,,,,,,
mb-100425,james-child-care-2nd-site-100425,James Child Care - 2nd site,Winnipeg,(204) 478-5389,MB-100425,,3 Marshall Crescent,0,0,1,1,1,,,,,,,,
mb-3018,james-child-care-inc-3018,James Child Care Inc.,Winnipeg,(1204) 452-5282,MB-3018,,1226 Waller Avenue,0,0,1,1,1,,,,,,,,
mb-2141,james-nisbet-nursery-school-inc-2141,James Nisbet Nursery School Inc.,Winnipeg,(204) 953-1193,MB-2141,,70 Doubleday Drive,0,0,1,1,1,,,,,,,,
mb-3020,k-e-e-p-child-care-inc-3020,K.E.E.P. Child Care Inc.,Winnipeg,(204) 582-4070,MB-3020,,795 Selkirk Avenue,0,0,1,1,1,,,,,,,,
mb-103084,k-i-d-s-inc-prairie-roots-103084,K.I.D.S Inc Prairie Roots,Winnipeg,(205) 488-2445,MB-103084,,749 Brock Street,0,0,1,1,1,,,,,,,,
mb-101091,k-i-d-s-inc-101091,K.I.D.S. Inc.,Winnipeg,(204) 488-8948,MB-101091,,755 Elm Street,0,0,1,1,1,,,,,,,,
mb-102401,k-i-d-s-inc-sir-william-osler-102401,K.I.D.S. Inc. - Sir William Osler,Winnipeg,(204) 488-7621,MB-102401,,1600 Grant Avenue,0,0,1,1,1,,,,,,,,
mb-102078,k-i-d-s-inc-south-pointe-102078,K.I.D.S. Inc. South Pointe,Winnipeg,(204) 275-3350,MB-102078,,615 Kirkbridge Drive,0,0,1,1,1,,,,,,,,
mb-1251,k-i-d-s-kids-in-day-care-are-super-inc-1251,K.I.D.S. Kids in day care are super Inc.,Winnipeg,(204) 488-8948,MB-1251,,691  Montrose Street,0,0,1,1,1,,,,,,,,
mb-101061,ka-ni-kanichihk-daycare-101061,Ka Ni Kanichihk Daycare,Winnipeg,(204560) 778-2117,MB-101061,,455 Mcdermot Ave.,0,0,1,1,1,,,,,,,,
mb-102743,kidfit-60-102743,KidFit 60,Winnipeg,(431) 570-0037,MB-102743,,1295 Salter Street,0,0,1,1,1,,,,,,,,
mb-1026,kidi-garden-day-nurseries-inc-1026,Kidi-Garden Day Nurseries Inc.,Winnipeg,(204) 338-3193,MB-1026,,172  Smithfield Avenue,0,0,1,1,1,,,,,,,,
mb-103154,kids-avenue-103154,Kids Avenue,Winnipeg,(431) 373-9825,MB-103154,,2302 Burrows Avenue,0,0,1,1,1,,,,,,,,
mb-2008,kids-centre-co-op-inc-2008,Kids Centre Co-op Inc.,Winnipeg,(204) 224-1181,MB-2008,,113-25 Regina Place,0,0,1,1,1,,,,,,,,
mb-2195,kidsplace-nursery-school-co-op-inc-2195,Kidsplace Nursery School Co-op Inc.,Winnipeg,(204) 661-1325,MB-2195,,245 Sutton Avenue,0,0,1,1,1,,,,,,,,
mb-9798,kidz-korner-infant-childcare-inc-9798,Kidz Korner Infant Childcare Inc.,Winnipeg,(204) 832-6000,MB-9798,,3708 Roblin Boulevard,0,0,1,1,1,,,,,,,,
mb-9294,kimberly-kids-before-amp-after-school-age-progra-9294,Kimberly Kids Before &amp; After School-Age Program,Winnipeg,(204) 297-7629,MB-9294,,211 Kimberly Avenue,0,0,1,1,1,,,,,,,,
mb-1243,kinderworld-day-care-inc-1243,KinderWorld Day Care Inc.,Winnipeg,(204) 663-6691,MB-1243,,1511 Gateway Road,0,0,1,1,1,,,,,,,,
mb-2009,kirkfield-westwood-nursery-school-2009,Kirkfield-Westwood Nursery School,Winnipeg,(204) 889-2392,MB-2009,,165  Sansome Avenue,0,0,1,1,1,,,,,,,,
mb-100798,kookum-s-place-infant-centre-100798,Kookum's Place Infant Centre,Winnipeg,(204) 949-0753,MB-100798,,134 1/2  Higgins Avenue,0,0,1,1,1,,,,,,,,
mb-9640,kookum-s-place-preschool-centre-9640,Kookum's Place Preschool Centre,Winnipeg,(204) 989-6246,MB-9640,,100-181 Higgins Avenue,0,0,1,1,1,,,,,,,,
mb-101322,l-il-wheels-day-care-101322,L'il Wheels Day Care,Winnipeg,(204) 945-8023,MB-101322,,300-234 Donald Street N,0,0,1,1,1,,,,,,,,
mb-102082,laugh-n-learn-early-learning-centre-102082,Laugh 'N' Learn Early Learning Centre,Winnipeg,(204) 668-9881,MB-102082,,555  Paufeld Drive,0,0,1,1,1,,,,,,,,
mb-9826,laugh-n-learn-school-age-centre-inc-9826,Laugh 'N' Learn School Age Centre Inc.,Winnipeg,(204) 668-3050,MB-9826,,400  Donwood Drive,0,0,1,1,1,,,,,,,,
mb-3021,laura-secord-community-child-care-3021,Laura Secord Community Child Care,Winnipeg,(204) 774-1165,MB-3021,,980 Palmerston Avenue,0,0,1,1,1,,,,,,,,
mb-101899,le-p-tit-bonheur-inc-tache-101899,Le P'tit Bonheur Inc. (Tache),Winnipeg,(204) 233-7491,MB-101899,,300 rue Aubert,0,0,1,1,1,,,,,,,,
mb-102646,le-p-tit-paradis-102646,Le P'tit Paradis,Winnipeg,(204) 254-4180,MB-102646,,32 Barberry chemin,0,0,1,1,1,,,,,,,,
mb-102767,le-p-tit-paradis-ages-scolaires-102767,Le P'tit Paradis - Ages Scolaires,Winnipeg,(204) 254-4180,MB-102767,,1062 Autumnwood Drive,0,0,1,1,1,,,,,,,,
mb-1189,learning-and-growing-day-care-inc-1189,Learning and Growing Day Care Inc.,Winnipeg,0,MB-1189,,3659 Roblin Boulevard,0,0,1,1,1,,,,,,,,
mb-1029,learning-tree-day-nursery-1029,Learning Tree Day Nursery,Winnipeg,(204) 667-3361,MB-1029,,7-1575 Regent Avenue W,0,0,1,1,1,,,,,,,,
mb-1201,leila-day-care-centre-inc-1201,Leila Day Care Centre Inc.,Winnipeg,(204) 338-9301,MB-1201,,2095 Sinclair Avenue,0,0,1,1,1,,,,,,,,
mb-102637,les-cheminots-102637,Les Cheminots,Winnipeg,(204) 668-3740,MB-102637,,851 Panet chemin,0,0,1,1,1,,,,,,,,
mb-2180,les-enfants-precieux-inc-2180,Les Enfants Precieux Inc.,Winnipeg,(204) 235-0039,MB-2180,,209 rue Kenny,0,0,1,1,1,,,,,,,,
mb-2012,les-franco-lions-de-lacerte-inc-2012,Les Franco-Lions de Lacerte Inc.,Winnipeg,(204) 253-5315,MB-2012,,12-1101 Autumnwood Promenade,0,0,1,1,1,,,,,,,,
mb-2140,les-toupies-inc-2140,Les Toupies Inc.,Winnipeg,(204) 269-5660,MB-2140,,45 ave de la Digue,0,0,1,1,1,,,,,,,,
mb-2007,les-tournesols-de-st-vital-inc-2007,Les Tournesols de St.Vital Inc.,Winnipeg,(204) 254-6133,MB-2007,,425 chemin John Forsyth,0,0,1,1,1,,,,,,,,
mb-100930,linden-meadows-child-care-100930,Linden Meadows Child Care,Winnipeg,(204) 488-0321,MB-100930,,335  Lindenwood Drive E,0,0,1,1,1,,,,,,,,
mb-3006,linwood-child-centre-inc-3006,Linwood Child Centre Inc.,Winnipeg,(204) 832-6540,MB-3006,,266  Linwood Street,0,0,1,1,1,,,,,,,,
mb-1070,little-bo-peep-early-learning-centre-inc-1070,Little Bo-Peep Early Learning Centre Inc.,Winnipeg,(204) 256-0694,MB-1070,,906 Cottonwood Road,0,0,1,1,1,,,,,,,,
mb-9297,little-dipper-montessori-nursery-school-collicut-9297,Little Dipper Montessori Nursery School/Collicutt Before &amp; After School Program,Winnipeg,(204) 694-4443,MB-9297,,75 Cottingham Street,0,0,1,1,1,,,,,,,,
mb-9725,little-feet-child-care-2-ltd-nursery-kindergarte-9725,Little Feet Child Care 2 Ltd. Nursery / Kindergarten,Winnipeg,(204) 782-3516,MB-9725,,1370  Grosvenor Avenue,0,0,1,1,1,,,,,,,,
mb-101002,little-feet-child-care-before-and-after-school-p-101002,Little Feet Child Care Before and After School Program,Winnipeg,(1204) 782-3516,MB-101002,,315 Oak Street,0,0,1,1,1,,,,,,,,
mb-103043,little-flamingos-early-learning-centre-103043,Little Flamingos Early Learning Centre,Winnipeg,(204) 222-4493,MB-103043,,742 Ravelston Ave W,0,0,1,1,1,,,,,,,,
mb-102633,little-footprints-montessori-inc-102633,Little Footprints Montessori Inc.,Winnipeg,(204) 669-1548,MB-102633,,1727 Henderson  Highway,0,0,1,1,1,,,,,,,,
mb-103205,little-fox-child-care-centre-103205,Little Fox Child Care Centre,Winnipeg,(204) 927-8343,MB-103205,,200 Main Street,0,0,1,1,1,,,,,,,,
mb-2288,little-lambs-christian-preschool-inc-2288,Little Lambs Christian Preschool Inc.,Winnipeg,(204) 475-5222,MB-2288,,500 Lagimodiere Blvd,0,0,1,1,1,,,,,,,,
mb-100700,little-learners-inc-100700,Little Learners Inc.,Winnipeg,(204) 654-3655,MB-100700,,323 Emerson Avenue,0,0,1,1,1,,,,,,,,
mb-1031,little-people-s-place-inc-1031,Little People's Place Inc.,Winnipeg,(204) 253-9157,MB-1031,,906 Cottonwood Road,0,0,1,1,1,,,,,,,,
mb-9420,little-saints-learning-center-9420,Little Saints Learning Center,Winnipeg,(204) 237-9572,MB-9420,,15 St. Mark's Place,0,0,1,1,1,,,,,,,,
mb-102019,little-saints-learning-center-site-2-102019,Little Saints Learning Center (site 2),Winnipeg,(204) 257-2241,MB-102019,,5 St. Vital Road,0,0,1,1,1,,,,,,,,
mb-102387,little-saints-learning-center-summer-program-102387,Little Saints Learning Center Summer Program,Winnipeg,(204) 257-2241,MB-102387,,99 Springside Dr,0,0,1,1,1,,,,,,,,
mb-101854,little-skippers-kinder-program-101854,Little Skippers Kinder Program,Winnipeg,(204) 294-1083,MB-101854,,1144  Kingsford Place,0,0,1,1,1,,,,,,,,
mb-102755,little-sprouts-102755,Little Sprouts,Winnipeg,(431) 570-0300,MB-102755,,Unit B-690 Elizabeth Road,0,0,1,1,1,,,,,,,,
mb-101974,little-stars-playhouse-101974,Little Stars PLAYhouse,Winnipeg,(204) 582-1597,MB-101974,,681 Selkirk Avenue,0,0,1,1,1,,,,,,,,
mb-102359,little-voyageurs-learning-centre-site-4-102359,Little Voyageurs Learning Centre - Site 4,Winnipeg,(204) 233-7560,MB-102359,,619   DesMeurons Street,0,0,1,1,1,,,,,,,,
mb-1030,little-voyageurs-learning-centre-inc-site-1-1030,Little Voyageurs Learning Centre Inc. (Site 1),Winnipeg,(204) 233-4442,MB-1030,,320 ave de la Cathedrale avenue,0,0,1,1,1,,,,,,,,
mb-102616,little-voyageurs-learning-centre-inc-prince-edwa-102616,Little Voyageurs Learning Centre Inc. Prince Edward School Site,Winnipeg,(431) 338-6365,MB-102616,,649 Brazier Street,0,0,1,1,1,,,,,,,,
mb-102288,living-prairie-childcare-inc-102288,Living Prairie Childcare Inc.,Winnipeg,(204) 256-6892,MB-102288,,215  des Hivernants Boulevard,0,0,1,1,1,,,,,,,,
mb-103177,living-prairie-childcare-inc-site-3-103177,Living Prairie Childcare Inc.Site 3,Winnipeg,(204) 254-1331,MB-103177,,355 Des Hivernants Boulevard (Blvd),0,0,1,1,1,,,,,,,,
mb-102831,living-prairie-childcare-school-age-102831,Living Prairie Childcare School Age,Winnipeg,(204) 257-4219,MB-102831,,701-50 Sage Creek Blvd,0,0,1,1,1,,,,,,,,
mb-1032,lord-roberts-preschool-child-care-1032,Lord Roberts Preschool Child Care,Winnipeg,(204) 453-3409,MB-1032,,725  Kylemore Avenue,0,0,1,1,1,,,,,,,,
mb-3008,lord-roberts-school-age-program-3008,Lord Roberts School Age Program,Winnipeg,(204) 284-9809,MB-3008,,665 Beresford Avenue,0,0,1,1,1,,,,,,,,
mb-102919,louis-riel-child-care-centre-102919,Louis Riel Child Care Centre,Winnipeg,(204) 233-2788,MB-102919,,561 St Jean Baptiste Street,0,0,1,1,1,,,,,,,,
mb-1153,lovin-n-learnin-day-care-inc-1153,Lovin 'N' Learnin Day Care Inc.,Winnipeg,(204) 257-4608,MB-1153,,45  Willowlake Crescent,0,0,1,1,1,,,,,,,,
mb-9180,ma-mawi-wi-chi-itata-centre-inc-child-developmen-9180,Ma Mawi Wi Chi Itata Centre Inc. - Child Development Centre,Winnipeg,(204) 925-0304,MB-9180,,J - 330 Blake Street,0,0,1,1,1,,,,,,,,
mb-102878,machray-day-nursery-bison-run-102878,Machray Day Nursery -Bison Run,Winnipeg,(204) 275-7366,MB-102878,,60 Frontier Trail,0,0,1,1,1,,,,,,,,
mb-100547,machray-day-nursery-inc-school-age-100547,"Machray Day Nursery Inc, School Age",Winnipeg,(204) 589-4347,MB-100547,,460 Andrews Street,0,0,1,1,1,,,,,,,,
mb-1033,machray-day-nursery-inc-1033,Machray Day Nursery Inc.,Winnipeg,(204) 582-1309,MB-1033,,491 Salter Street,0,0,1,1,1,,,,,,,,
mb-101381,machray-day-nursery-machray-school-site-101381,Machray Day Nursery Machray School Site,Winnipeg,(204) 589-1738,MB-101381,,140-320 Mountain Avenue,0,0,1,1,1,,,,,,,,
mb-101696,making-roots-montessori-centre-inc-101696,Making Roots Montessori Centre Inc.,Winnipeg,(204) 417-7989,MB-101696,,660 Elizabeth Road,0,0,1,1,1,,,,,,,,
mb-1278,manidoo-gi-miini-gonaan-r-b-russell-infant-centr-1278,Manidoo Gi Miini Gonaan/R.B. Russell Infant Centre Inc.,Winnipeg,(204) 415-7200,MB-1278,,364  Dufferin Avenue,0,0,1,1,1,,,,,,,,
mb-101882,maples-day-care-amber-trails-101882,Maples Day Care Amber Trails,Winnipeg,(204) 697-1828,MB-101882,,1575 Templeton Avenue,0,0,1,1,1,,,,,,,,
mb-1034,maples-daycare-inc-1034,Maples DayCare Inc.,Winnipeg,(204) 633-2508,MB-1034,,27 Anglia Avenue,0,0,1,1,1,,,,,,,,
mb-1275,mary-kardash-child-care-centre-inc-1275,Mary Kardash Child Care Centre Inc.,Winnipeg,(204) 989-4752,MB-1275,,111  Polson Avenue,0,0,1,1,1,,,,,,,,
mb-3061,maybrook-children-s-centre-inc-3061,Maybrook Children's Centre Inc.,Winnipeg,(204) 287-8242,MB-3061,,115 River Avenue,0,0,1,1,1,,,,,,,,
mb-2151,mcleod-nursery-incorporated-2151,McLeod Nursery Incorporated,Winnipeg,(204) 899-0247,MB-2151,,530  Mcleod Avenue,0,0,1,1,1,,,,,,,,
mb-1240,meadows-west-kids-kare-inc-1240,Meadows West Kids Kare Inc.,Winnipeg,(204) 694-0253,MB-1240,,166  Garton Avenue,0,0,1,1,1,,,,,,,,
mb-2011,mennonite-brethren-children-s-centre-inc-2011,Mennonite Brethren Children's Centre Inc.,Winnipeg,(204) 990-8704,MB-2011,,1315 Gateway Road,0,0,1,1,1,,,,,,,,
mb-9182,mfrc-child-care-centre-9182,MFRC Child Care Centre,Winnipeg,(204) 837-3626,MB-9182,,630  Wihuri Road,0,0,1,1,1,,,,,,,,
mb-102556,mighty-minds-montessori-102556,Mighty Minds Montessori,Winnipeg,(204) 960-0729,MB-102556,,Unit 8-2835 Pembina Highway,0,0,1,1,1,,,,,,,,
mb-9597,mini-skool-amp-montessori-academy-9597,Mini-Skool &amp; Montessori Academy,Winnipeg,(204) 452-6547,MB-9597,,870  Scotland Avenue,0,0,1,1,1,,,,,,,,
mb-100530,morrow-early-learning-child-development-centre-2-100530,Morrow Early Learning & Child Development (Centre 24/7),Winnipeg,(204) 982-9661,MB-100530,,533  St. Anne's Road,0,0,1,1,1,,,,,,,,
mb-100259,morrow-early-learning-child-development-dr-d-w-p-100259,Morrow Early Learning & Child Development (Dr. D. W. Penner School),Winnipeg,(204) 982-6687,MB-100259,,121 Hazelwood Crescent,0,0,1,1,1,,,,,,,,
mb-9307,morrow-early-learning-child-development-glenwood-9307,Morrow Early Learning & Child Development (Glenwood School),Winnipeg,(204) 982-6697,MB-9307,,51 Blenheim Street,0,0,1,1,1,,,,,,,,
mb-1290,morrow-early-learning-child-development-hastings-1290,Morrow Early Learning & Child Development (Hastings School),Winnipeg,(204) 612-3261,MB-1290,,50 Hastings Boulevard,0,0,1,1,1,,,,,,,,
mb-3134,morrow-early-learning-child-development-lavallee-3134,Morrow Early Learning & Child Development (Lavallee West),Winnipeg,(204) 982-6690,MB-3134,,505   St. Anne's Road,0,0,1,1,1,,,,,,,,
mb-3133,morrow-early-learning-child-development-marie-an-3133,Morrow Early Learning & Child Development (Marie-Anne Gaboury School),Winnipeg,(204) 982-6695,MB-3133,,95 Pulberry Street,0,0,1,1,1,,,,,,,,
mb-1192,morrow-early-learning-child-development-rene-del-1192,Morrow Early Learning & Child Development (Rene Deleurme Centre),Winnipeg,(204) 982-6681,MB-1192,,511  St. Anne's Road,0,0,1,1,1,,,,,,,,
mb-101497,morrow-early-learning-child-development-salvatio-101497,Morrow Early Learning & Child Development (Salvation Army),Winnipeg,(204) 504-6695,MB-101497,,51 Morrow Avenue,0,0,1,1,1,,,,,,,,
mb-9096,morrow-early-learning-child-development-victor-h-9096,Morrow Early Learning & Child Development (Victor H. L. Wyatt),Winnipeg,(204) 982-6680,MB-9096,,485  Meadowood Drive,0,0,1,1,1,,,,,,,,
mb-102959,mountain-ave-child-care-inc-102959,Mountain Ave Child Care Inc,Winnipeg,(204) 633-6171,MB-102959,,1290 Mountain Avenue,0,0,1,1,1,,,,,,,,
mb-103039,munroe-at-thames-103039,Munroe at Thames,Winnpeg,(204) 421-8889,MB-103039,,431 Thames Ave,0,0,1,1,1,,,,,,,,
mb-102725,munroe-early-childhood-education-centre-grosveno-102725,Munroe Early Childhood Education Centre - Grosvenor School Site,Winnipeg,(204) 793-7626,MB-102725,,1045 Grosvenor Avenue,0,0,1,1,1,,,,,,,,
mb-1064,munroe-early-childhood-education-centre-inc-1064,Munroe Early Childhood Education Centre Inc.,Winnipeg,(204) 661-8500,MB-1064,,186-505 Chalmers Avenue,0,0,1,1,1,,,,,,,,
mb-9027,munroe-early-childhood-education-centre-inc-scho-9027,Munroe Early Childhood Education Centre Inc. - School Age,Winnipeg,(204) 654-4377,MB-9027,,361 Kent Road,0,0,1,1,1,,,,,,,,
mb-9743,munroe-early-childhood-education-centre-inc-scho-9743,Munroe Early Childhood Education Centre Inc. - School Age - George V,Winnipeg,(204) 479-1398,MB-9743,,255 Grey Street,0,0,1,1,1,,,,,,,,
mb-100404,munroe-early-childhood-education-centre-inc-pols-100404,Munroe Early Childhood Education Centre Inc.- Polson,Winnipeg,(204) 479-0505,MB-100404,,491  Munroe Avenue,0,0,1,1,1,,,,,,,,
mb-1272,niigaanaki-day-care-centre-inc-1272,Niigaanaki Day Care Centre Inc.,Winnipeg,(204) 783-6750,MB-1272,,104B-500 Balmoral Street,0,0,1,1,1,,,,,,,,
mb-101635,nor-west-early-learning-amp-child-care-centre-in-101635,Nor'West Early Learning &amp; Child Care Centre - Infant Centre,Winnipeg,(204) 938-5965,MB-101635,,785 Keewatin Street,0,0,1,1,1,,,,,,,,
mb-100171,north-kildonan-little-thinkers-inc-100171,North Kildonan Little Thinkers Inc.,Winnipeg,(204) 668-6163,MB-100171,,71-B Burnett Avenue,0,0,1,1,1,,,,,,,,
mb-2314,norwood-french-immersion-preschool-inc-2314,Norwood French Immersion Preschool Inc.,Winnipeg,(204) 918-5939,MB-2314,,Rm 21-320 ave de la Cathedrale avenue,0,0,1,1,1,,,,,,,,
mb-2025,norwood-nursery-school-and-day-care-inc-2025,Norwood Nursery School and Day Care Inc.,Winnipeg,(204) 237-1572,MB-2025,,87  Walmer Street,0,0,1,1,1,,,,,,,,
mb-101853,norwood-nursery-school-and-day-care-inc-nordale-101853,Norwood Nursery School and Day Care Inc. (Nordale),Winnipeg,(204) 237-1572,MB-101853,,99  Birchdale Avenue,0,0,1,1,1,,,,,,,,
mb-101527,nova-montessori-preschool-inc-101527,Nova Montessori Preschool Inc.,Winnipeg,(204) 261-0647,MB-101527,,C-3311 Pembina Highway,0,0,1,1,1,,,,,,,,
mb-102933,nova-montessori-preschool-inc-bannatyne-102933,Nova Montessori Preschool Inc. - Bannatyne,Winnipeg,(204) 599-5669,MB-102933,,483 Bannatyne Ave,0,0,1,1,1,,,,,,,,
mb-102549,nova-montessori-preschool-inc-chevrier-blvd-102549,Nova Montessori Preschool Inc. Chevrier Blvd,Winnipeg,(204) 414-1944,MB-102549,,2050 Chevrier Boulevard,0,0,1,1,1,,,,,,,,
mb-102662,nova-montessori-preschool-st-mary-s-road-102662,nova Montessori Preschool St.Mary's Road,Winnipeg,(204) 599-5669,MB-102662,,613 St. Mary's Road,0,0,1,1,1,,,,,,,,
mb-9490,nurturing-roots-children-s-centre-9490,Nurturing Roots Children's Centre,Winnipeg,(204) 832-9635,MB-9490,,6691  Rannock Avenue,0,0,1,1,1,,,,,,,,
mb-3009,o-k-before-and-after-school-child-care-centres-i-3009,O.K. Before and After School Child Care Centres Inc. - A.E. Wright,Winnipeg,(204) 632-5115,MB-3009,,1520 Jefferson Avenue,0,0,1,1,1,,,,,,,,
mb-3019,o-k-before-and-after-school-child-care-centres-i-3019,O.K. Before and After School Child Care Centres Inc. - O.V. Jewitt,Winnipeg,(204) 632-5115,MB-3019,,66 Neville Street,0,0,1,1,1,,,,,,,,
mb-3097,o-k-before-and-after-school-child-care-centres-i-3097,O.K. Before and After School Child Care Centres Inc.- Constable Finney,Winnipeg,(204) 632-5115,MB-3097,,25 Anglia Avenue,0,0,1,1,1,,,,,,,,
mb-3013,o-k-before-and-after-school-child-care-centres-i-3013,O.K. Before and After School Child Care Centres Inc.- Elwick,Winnipeg,(204) 632-5115,MB-3013,,30  Maberley Road,0,0,1,1,1,,,,,,,,
mb-102603,o-k-before-and-after-school-child-care-centres-i-102603,O.K. Before and After School Child Care Centres Inc.-Templeton,Winnipeg,(204) 632-5115,MB-102603,,Unit 1-1310   Templeton Avenue,0,0,1,1,1,,,,,,,,
mb-2155,oak-street-nursery-school-inc-2155,Oak Street Nursery School Inc,Winnipeg,(204) 488-1133,MB-2155,,255 Oak Street,0,0,1,1,1,,,,,,,,
mb-9361,on-the-move-inc-jb-mitchell-site-9361,On The Move Inc. - JB Mitchell Site,Winnipeg,(204) 489-3212,MB-9361,,1720  John Brebeuf Place,0,0,1,1,1,,,,,,,,
mb-1174,on-the-move-incorporated-1174,On The Move Incorporated,Winnipeg,(204) 489-3212,MB-1174,,1777 Grant Avenue,0,0,1,1,1,,,,,,,,
mb-1215,pacific-junction-day-care-incorporated-1215,Pacific Junction Day Care Incorporated,Winnipeg,(204) 831-7328,MB-1215,,715 Cathcart Street,0,0,1,1,1,,,,,,,,
mb-1263,panda-bear-day-care-co-op-inc-1263,Panda Bear Day Care Co-op Inc.,Winnipeg,(204) 231-1084,MB-1263,,53  Speers Road,0,0,1,1,1,,,,,,,,
mb-102027,paradise-montessori-preschool-autumnwood-102027,Paradise Montessori Preschool (Autumnwood),Winnipeg,(204) 487-2151,MB-102027,,1061 Autumnwood Drive,0,0,1,1,1,,,,,,,,
mb-9330,peek-a-boo-infant-child-care-9330,Peek-a-Boo Infant Child Care,Winnipeg,(204832) 900-0202,MB-9330,,3138 Portage Avenue,0,0,1,1,1,,,,,,,,
mb-1258,pinkham-day-care-inc-1258,Pinkham Day Care Inc.,Winnipeg,(204) 783-4645,MB-1258,,765 Pacific Avenue,0,0,1,1,1,,,,,,,,
mb-9257,pinkham-day-care-inc-ross-avenue-9257,Pinkham Day Care Inc. (Ross Avenue),Winnipeg,(204) 774-3754,MB-9257,,759 Ross Avenue,0,0,1,1,1,,,,,,,,
mb-103080,playmaternelle-103080,Playmaternelle,Winnipeg,(204) 261-4430,MB-103080,,900 Sainte Therese Ave,0,0,1,1,1,,,,,,,,
mb-3094,poplar-avenue-kids-care-inc-3094,Poplar Avenue Kids Care Inc.,Winnipeg,(204) 663-9767,MB-3094,,170 Poplar Avenue,0,0,1,1,1,,,,,,,,
mb-1159,prairie-children-s-centre-beaumont-1159,Prairie Children's Centre Beaumont,Winnipeg,(204) 475-7462,MB-1159,,1325 Beaumont Street,0,0,1,1,1,,,,,,,,
mb-101378,prairie-children-s-centres-general-byng-101378,Prairie Children's Centres General Byng,Winnipeg,(204) 475-7469,MB-101378,,1250 Beaumont  Street,0,0,1,1,1,,,,,,,,
mb-7858,prairie-nature-children-s-centre-7858,Prairie Nature Children's Centre,Winnipeg,(204) 777-5139,MB-7858,,600  Hoka Street,0,0,1,1,1,,,,,,,,
mb-102453,prairie-soul-children-s-centre-102453,Prairie Soul Children's Centre,Winnipeg,(204) 471-5776,MB-102453,,6003  Roblin Boulevard,0,0,1,1,1,,,,,,,,
mb-1210,prairie-sunrise-child-care-1210,Prairie Sunrise Child Care,Winnipeg,(204) 261-5882,MB-1210,,10 Ryerson Avenue,0,0,1,1,1,,,,,,,,
mb-1169,provincial-employee-day-care-osborne-1169,Provincial Employee Day Care / Osborne,Winnipeg,(204) 945-8023,MB-1169,,208 Osborne Street N,0,0,1,1,1,,,,,,,,
mb-1255,provincial-employee-day-care-portage-1255,Provincial Employee Day Care / Portage,Winnipeg,(204) 945-8023,MB-1255,,1-800 Portage Avenue,0,0,1,1,1,,,,,,,,
mb-3090,r-h-s-child-care-inc-3090,R.H.S. Child Care Inc.,Winnipeg,(204) 488-1094,MB-3090,,255 Oak Street,0,0,1,1,1,,,,,,,,
mb-102138,r-r-c-early-childhood-centre-inc-school-age-102138,R.R.C. Early Childhood Centre Inc. - School-age,Winnipeg,(204) 632-2244,MB-102138,,AB-13 - 2055 Notre Dame  Avenue (Ave),0,0,1,1,1,,,,,,,,
mb-100624,radisson-school-before-and-after-program-inc-100624,Radisson School Before and After Program Inc,Winnipeg,(204) 777-0440,MB-100624,,1105  Winona Street,0,0,1,1,1,,,,,,,,
mb-101831,rady-jcc-child-care-centre-grosvenor-101831,Rady JCC Child Care Centre (Grosvenor),Winnipeg,(204) 615-8555,MB-101831,,1710  Grosvenor Avenue,0,0,1,1,1,,,,,,,,
mb-9088,rady-jcc-childcare-9088,Rady JCC Childcare,Winnipeg,(204) 477-7414,MB-9088,,123  Doncaster Street,0,0,1,1,1,,,,,,,,
mb-1140,rainbow-day-nursery-inc-phase-1-1140,Rainbow Day Nursery Inc. (Phase 1),Winnipeg,(204) 254-3282,MB-1140,,20 Island Shore Blvd.,0,0,1,1,1,,,,,,,,
mb-9470,rainbow-day-nursery-inc-phase-2-9470,Rainbow Day Nursery Inc. (Phase 2),Winnipeg,(204) 254-3282,MB-9470,,445 Island Shore Boulevard,0,0,1,1,1,,,,,,,,
mb-100426,rainbow-day-nursery-inc-phase-3-b-100426,Rainbow Day Nursery Inc. (phase 3-B),Winnipeg,(204) 254-3282,MB-100426,,100-40  Lakewood Boulevard,0,0,1,1,1,,,,,,,,
mb-9837,rainbow-day-nursery-inc-phase-3-9837,Rainbow Day Nursery Inc. Phase 3,Winnipeg,(204) 254-3282,MB-9837,,180-50  Lakewood Boulevard,0,0,1,1,1,,,,,,,,
mb-102060,rainbow-day-nursery-inc-phase-5-102060,Rainbow Day Nursery Inc. Phase 5,Winnipeg,(204) 254-3282,MB-102060,,315 Sage Creek Boulevard,0,0,1,1,1,,,,,,,,
mb-100926,rainbow-day-nursery-phase-3c-100926,Rainbow Day Nursery Phase 3C,Winnipeg,(204) 254-3282,MB-100926,,90 115 Vermillion Road,0,0,1,1,1,,,,,,,,
mb-100927,rainbow-day-nursery-phase-4-100927,Rainbow Day Nursery Phase 4,Winnipeg,(204) 254-3282,MB-100927,,255  Vermillion Road,0,0,1,1,1,,,,,,,,
mb-3023,razor-back-blast-inc-3023,Razor Back BLAST Inc.,Winnipeg,(204) 668-8648,MB-3023,,200 McIvor Avenue,0,0,1,1,1,,,,,,,,
mb-2016,richmond-kings-nursery-school-inc-2016,Richmond Kings Nursery School Inc.,Winnipeg,(204) 275-6239,MB-2016,,933 Summerside Avenue,0,0,1,1,1,,,,,,,,
mb-101614,richmond-montessori-school-101614,Richmond Montessori School,Winnipeg,(204) 296-6550,MB-101614,,85   Keslar Road,0,0,1,1,1,,,,,,,,
mb-103286,richmond-montessori-school-dakota-103286,Richmond Montessori School - Dakota,Winnipeg,(204) 253-4975,MB-103286,,1500 Dakota,0,0,1,1,1,,,,,,,,
mb-102694,richmond-montessori-school-inc-102694,Richmond Montessori School Inc,Winnipeg,(204) 296-6550,MB-102694,,Unit B -1450 Taylor Ave,0,0,1,1,1,,,,,,,,
mb-1042,river-avenue-co-operative-day-nursery-inc-1042,River Avenue Co-operative Day Nursery Inc.,Winnipeg,(204) 453-7487,MB-1042,,127 Bell Avenue,0,0,1,1,1,,,,,,,,
mb-2157,river-east-french-exposure-nursery-school-co-op--2157,River East French Exposure Nursery School Co-op Inc.,Winnipeg,(204) 000-0000,MB-2157,,25 Regina Place,0,0,1,1,1,,,,,,,,
mb-102660,river-east-montessori-school-inc-102660,River East Montessori School Inc.,Winnipeg,(204) 306-5666,MB-102660,,1115 Roch  Street,0,0,1,1,1,,,,,,,,
mb-102834,river-east-montessori-second-site-102834,River East Montessori second site,Winnipeg,(204) 915-8041,MB-102834,,111 Victoria Ave,0,0,1,1,1,,,,,,,,
mb-2198,river-east-scholar-s-nursery-school-incorporated-2198,River East Scholar's Nursery School Incorporated,Winnipeg,(204) 663-6365,MB-2198,,323  Emerson Avenue,0,0,1,1,1,,,,,,,,
mb-102528,river-heights-child-care-102528,River Heights Child Care,Winnipeg,(204) 306-8778,MB-102528,,333 Wilton Street,0,0,1,1,1,,,,,,,,
mb-1204,river-road-child-care-1204,River Road Child Care,Winnipeg,(204) 258-7043,MB-1204,,440 River Road,0,0,1,1,1,,,,,,,,
mb-2014,riverview-montessori-2014,Riverview Montessori,Winnipeg,(204) 475-1039,MB-2014,,170 Ashland Avenue,0,0,1,1,1,,,,,,,,
mb-3022,riverview-ashland-child-care-centre-inc-3022,Riverview-Ashland Child Care Centre Inc.,Winnipeg,(204) 477-0917,MB-3022,,112 Ashland Avenue,0,0,1,1,1,,,,,,,,
mb-2207,roblin-park-children-s-programs-2207,Roblin Park Children's Programs,Winnipeg,(204) 885-6054,MB-2207,,640  Pepperloaf Crescent,0,0,1,1,1,,,,,,,,
mb-1292,roblin-park-day-care-ltd-1292,Roblin Park Day Care Ltd.,Winnipeg,(204) 895-8791,MB-1292,,G &amp;amp;amp; E -5905  Roblin Boulevard,0,0,1,1,1,,,,,,,,
mb-9627,rockwood-kidsplace-9627,Rockwood Kidsplace,Winnipeg,(204) 953-7318,MB-9627,,350  Rockwood Street,0,0,1,1,1,,,,,,,,
mb-101412,roots-wings-early-learning-centre-101412,Roots & Wings Early Learning Centre,Winnipeg,(204) 334-7075,MB-101412,,509 Grey Street,0,0,1,1,1,,,,,,,,
mb-1196,rupertsland-day-care-centre-corporation-1196,Rupertsland Day Care Centre Corporation,Winnipeg,(204) 947-3433,MB-1196,,107-201 Princess Street,0,0,1,1,1,,,,,,,,
mb-1198,sadok-veselka-daycare-inc-1198,Sadok Veselka Daycare Inc.,Winnipeg,(204) 582-3129,MB-1198,,520 Airlies Street,0,0,1,1,1,,,,,,,,
mb-100599,seven-oaks-child-day-care-centre-inc-school-age--100599,Seven Oaks Child Day Care Centre Inc. School Age Program,Winnipeg,(204) 632-3691,MB-100599,,25 Morrison Street,0,0,1,1,1,,,,,,,,
mb-2029,seven-oaks-sadok-inc-2029,Seven Oaks Sadok Inc.,Winnipeg,(204) 688-5125,MB-2029,,Room 2-25  Morrison Street,0,0,1,1,1,,,,,,,,
mb-1231,shaughnessy-park-daycare-inc-1231,Shaughnessy Park Daycare Inc.,Winnipeg,(204) 582-5342,MB-1231,,1641 Manitoba Avenue,0,0,1,1,1,,,,,,,,
mb-1051,shepherd-s-care-day-nursery-inc-1051,Shepherd's Care Day Nursery Inc.,Winnipeg,(204) 632-8494,MB-1051,,1188 Jefferson Avenue,0,0,1,1,1,,,,,,,,
mb-1257,sister-macnamara-preschool-and-infant-daycare-in-1257,Sister Macnamara Preschool and Infant Daycare Inc.,Winnipeg,(204) 942-8043,MB-1257,,460 Sargent Avenue,0,0,1,1,1,,,,,,,,
mb-100698,skipper-scholars-before-and-after-school-care-100698,Skipper Scholars Before and After School Care,Winnipeg,(204) 396-4203,MB-100698,,505 Sharron Bay,0,0,1,1,1,,,,,,,,
mb-100681,small-scholars-inc-100681,Small Scholars Inc.,Winnipeg,(204) 668-4752,MB-100681,,125 Sun Valley Drive,0,0,1,1,1,,,,,,,,
mb-1220,south-park-child-care-co-op-inc-1220,South Park Child Care Co-op Inc.,Winnipeg,(204) 254-0340,MB-1220,,194 Burland Avenue,0,0,1,1,1,,,,,,,,
mb-2273,south-winnipeg-kinderschule-inc-2273,South Winnipeg Kinderschule Inc.,Winnipeg,(204) 231-8028,MB-2273,,1118 Grosvenor Avenue,0,0,1,1,1,,,,,,,,
mb-2019,southdale-nursery-school-inc-2019,Southdale Nursery School Inc.,Winnipeg,(204) 254-0589,MB-2019,,Rm 3 -831 Beaverhill Boulevard,0,0,1,1,1,,,,,,,,
mb-102349,splash-child-care-inc-pulford-site-102349,SPLASH Child Care Inc - Pulford Site,Winnipeg,(204) 560-5601,MB-102349,,109 Pulford Street,0,0,1,1,1,,,,,,,,
mb-3062,splash-child-care-inc-3062,SPLASH Child Care Inc.,Winnipeg,(204) 582-3959,MB-3062,,233 McKenzie Street,0,0,1,1,1,,,,,,,,
mb-103206,splash-faraday-satellite-centre-103206,Splash Faraday Satellite Centre,Winnipeg,(431) 977-1177,MB-103206,,405 Parr Street,0,0,1,1,1,,,,,,,,
mb-103114,splash-mino-pimatisiwin-children-s-centre-103114,Splash Mino Pimatisiwin Children's Centre,Winnipeg,(204) 505-9030,MB-103114,,621 Balmoral Street,0,0,1,1,1,,,,,,,,
mb-3079,spring-meadows-school-age-centre-inc-3079,Spring Meadows School Age Centre Inc.,Winnipeg,(204) 663-9237,MB-3079,,95  Bournais Drive,0,0,1,1,1,,,,,,,,
mb-2021,springfield-heights-nursery-school-incorporated-2021,Springfield Heights Nursery School Incorporated,Winnipeg,(204) 259-8888,MB-2021,,570  Sharron Bay,0,0,1,1,1,,,,,,,,
mb-100818,st-avila-school-age-child-care-progam-100818,St. Avila School Age Child Care Progam,Winnipeg,(204) 226-9179,MB-100818,,633   Patricia Avenue,0,0,1,1,1,,,,,,,,
mb-3095,st-boniface-children-s-place-d-enfants-inc-3095,St. Boniface Children's Place d'enfants Inc.,Winnipeg,(204) 231-2010,MB-3095,,584  rue Des Meurons Street,0,0,1,1,1,,,,,,,,
mb-1145,st-boniface-children-s-place-d-enfants-inc-presc-1145,St. Boniface Children's Place d'enfants Inc.(Preschool),Winnipeg,(204) 233-6366,MB-1145,,365  Desautels Street,0,0,1,1,1,,,,,,,,
mb-9097,st-george-before-after-school-program-9097,St. George Before & After School Program,Winnipeg,(204) 890-3260,MB-9097,,151 St. George Road,0,0,1,1,1,,,,,,,,
mb-101257,st-germain-day-care-centre-inc-south-side-school-101257,St. Germain Day Care Centre Inc. South Side School Age Program,Winnipeg,(204) 256-4757,MB-101257,,1212 Dakota Street,0,0,1,1,1,,,,,,,,
mb-1219,st-germain-day-care-centre-incorporated-1219,St. Germain Day Care Centre Incorporated,Winnipeg,(204) 256-4757,MB-1219,,79  John Forsyth Road,0,0,1,1,1,,,,,,,,
mb-2249,st-james-assiniboia-montessori-school-inc-2249,St. James Assiniboia Montessori School Inc.,Winnipeg,(204) 888-5700,MB-2249,,3180 Mcbey Avenue,0,0,1,1,1,,,,,,,,
mb-102440,st-james-early-learning-program-102440,St. James Early Learning Program,Winnipeg,(204) 781-2510,MB-102440,,928 Cavelier Avenue,0,0,1,1,1,,,,,,,,
mb-1261,st-james-y-family-child-care-1261,St. James Y Family Child Care,Winnipeg,(204) 889-8642,MB-1261,,3550 Portage Avenue,0,0,1,1,1,,,,,,,,
mb-102471,st-margaret-s-montessori-school-inc-102471,St. Margaret's Montessori School Inc.,Winnipeg,(431) 777-9408,MB-102471,,160  Ethelbert Street,0,0,1,1,1,,,,,,,,
mb-3024,st-matthews-kids-korner-3024,St. Matthews Kids Korner,Winnipeg,(204) 772-9713,MB-3024,,525 Agnes Street,0,0,1,1,1,,,,,,,,
mb-101092,st-matthews-kids-korner-inc-101092,St. Matthews Kids Korner Inc.,Winnipeg,(204) 786-2881,MB-101092,,669 St. Matthews Avenue,0,0,1,1,1,,,,,,,,
mb-9654,st-maurice-day-care-inc-9654,St. Maurice Day Care Inc.,Winnipeg,(204) 475-4045,MB-9654,,1619 Pembina Highway,0,0,1,1,1,,,,,,,,
mb-1160,st-norbert-children-s-centre-inc-1160,St. Norbert Children's Centre Inc.,Winnipeg,(204) 261-4114,MB-1160,,3448 Pembina Highway,0,0,1,1,1,,,,,,,,
mb-1048,st-vital-child-care-co-op-inc-1048,St. Vital Child Care Co-op Inc.,Winnipeg,(204) 253-2849,MB-1048,,15 St. Michael Road,0,0,1,1,1,,,,,,,,
mb-3092,stanley-knowles-children-s-centre-inc-3092,Stanley Knowles Children's Centre Inc.,Winnipeg,(204) 694-0855,MB-3092,,"27,29-2424  King Edward Street",0,0,1,1,1,,,,,,,,
mb-1244,stanley-knowles-pre-school-centre-inc-1244,Stanley Knowles Pre-School Centre Inc.,Winnipeg,(204) 694-5121,MB-1244,,112-2424 King Edward Street,0,0,1,1,1,,,,,,,,
mb-2160,starlight-christian-nursery-school-inc-2160,Starlight Christian Nursery School Inc.,Winnipeg,(204) 224-4795,MB-2160,,400 Day Street,0,0,1,1,1,,,,,,,,
mb-1024,stars-of-promise-inc-1024,Stars of Promise Inc.,Winnipeg,(204) 669-6957,MB-1024,,114-1100  Concordia Avenue,0,0,1,1,1,,,,,,,,
mb-1247,story-book-day-care-centre-inc-1247,Story Book Day Care Centre Inc.,Winnipeg,(204) 222-4779,MB-1247,,131 Sanford Fleming Road,0,0,1,1,1,,,,,,,,
mb-3106,story-book-school-age-program-3106,Story Book School Age Program,Winnipeg,(204) 222-8358,MB-3106,,115 Sanford Fleming Road,0,0,1,1,1,,,,,,,,
mb-3027,strathmillan-children-s-centre-inc-3027,Strathmillan Children's Centre Inc.,Winnipeg,(204) 837-4097,MB-3027,,339  Strathmillan Road,0,0,1,1,1,,,,,,,,
mb-102095,sugar-n-spice-kiddie-haven-ecole-riviere-rouge-102095,Sugar N' Spice Kiddie Haven - Ecole Riviere Rouge,Winnipeg,(204) 339-4345,MB-102095,,55 Swinford Way,0,0,1,1,1,,,,,,,,
mb-100849,sugar-n-spice-kiddie-haven-inc-w-k-100849,Sugar N' Spice Kiddie Haven Inc.W.K.,Winnipeg,(204) 334-6357,MB-100849,,101  Ridgecrest Avenue,0,0,1,1,1,,,,,,,,
mb-1055,sunny-mountain-day-care-centre-1985-inc-1055,Sunny Mountain Day Care Centre (1985) Inc.,Winnipeg,(204) 334-7075,MB-1055,,Unit 4-1965 Main Street,0,0,1,1,1,,,,,,,,
mb-1056,sunnyside-child-care-centre-inc-1056,Sunnyside Child Care Centre Inc.,Winnipeg,(204) 832-4376,MB-1056,,530  Dieppe Road,0,0,1,1,1,,,,,,,,
mb-102836,sunrise-sunset-munroe-102836,Sunrise Sunset -Munroe,Winnipeg,(204) 415-2866,MB-102836,,700 Munroe Avenue,0,0,1,1,1,,,,,,,,
mb-80204,sunrise-sunset-childcare-inc-80204,Sunrise Sunset ChildCare Inc,Winnipeg,(204) 415-2866,MB-80204,,795  Prince Rupert Avenue,0,0,1,1,1,,,,,,,,
mb-7032,taking-care-7032,Taking Care!,Winnipeg,(204) 925-1692,MB-7032,,276 Colony Street,0,0,1,1,1,,,,,,,,
mb-101053,the-carpenter-s-montessori-school-inc-101053,The Carpenter's Montessori School Inc.,Winnipeg,(204) 998-8358,MB-101053,,300 - 400  Fort Whyte Way,0,0,1,1,1,,,,,,,,
mb-2334,the-little-years-school-inc-2334,The Little Years School Inc.,Winnipeg,(204) 489-0303,MB-2334,,20  Donnelly Street,0,0,1,1,1,,,,,,,,
mb-102182,the-prep-montessori-daycare-102182,The Prep Montessori Daycare,Winnipeg,(204) 832-9037,MB-102182,,Unit D-3525 Roblin Boulevard,0,0,1,1,1,,,,,,,,
mb-102731,the-prep-montessori-infant-daycare-102731,The Prep Montessori Infant Daycare,Winnipeg,(204) 832-9037,MB-102731,,3521 Roblin Boulevard,0,0,1,1,1,,,,,,,,
mb-102951,the-tova-vickar-family-childcare-program-102951,The Tova Vickar Family Childcare Program,Winnipeg,(204) 975-3486,MB-102951,,561 Wellington Cres,0,0,1,1,1,,,,,,,,
mb-2256,thrive-child-care-2256,Thrive Child Care,Winnipeg,(204) 779-5093,MB-2256,,100-475 Sargent Street,0,0,1,1,1,,,,,,,,
mb-102610,time-2-play-early-learning-centre-102610,Time 2 Play Early Learning Centre,Winnipeg,(1204) 253-2764,MB-102610,,881 Autumnwood Drive,0,0,1,1,1,,,,,,,,
mb-1059,transcona-jaycees-day-care-centre-1059,Transcona Jaycees Day Care Centre,Winnipeg,(204) 222-3113,MB-1059,,1800  Winona Street,0,0,1,1,1,,,,,,,,
mb-2164,tuxedo-preschool-education-centre-2164,Tuxedo Preschool Education Centre,Winnipeg,(204) 896-0959,MB-2164,,368 Southport Boulevard,0,0,1,1,1,,,,,,,,
mb-2295,tyndall-park-playschool-cooperative-inc-2295,Tyndall Park Playschool Cooperative Inc.,Winnipeg,(204) 633-9027,MB-2295,,2221 King Edward Street,0,0,1,1,1,,,,,,,,
mb-1060,universal-day-care-centre-inc-1060,Universal Day Care Centre Inc.,Winnipeg,(204) 453-7607,MB-1060,,20 Donnelly Street,0,0,1,1,1,,,,,,,,
mb-3028,valley-gardens-n-a-s-p-3028,Valley Gardens N.A.S.P.,Winnipeg,(204) 669-6932,MB-3028,,218  Antrim Road,0,0,1,1,1,,,,,,,,
mb-2028,valley-gardens-play-school-inc-2028,Valley Gardens Play School Inc.,Winnipeg,(204) 668-6417,MB-2028,,18 C-166  Antrim Road,0,0,1,1,1,,,,,,,,
mb-103028,valour-childcare-103028,Valour Childcare,Winnipeg,(431) 276-3868,MB-103028,,715 Telfer Street N,0,0,1,1,1,,,,,,,,
mb-7857,van-belleghem-french-immersion-pre-school-co-op--7857,Van Belleghem French Immersion Pre-School Co-op Inc.,Winnipeg,(431) 278-3898,MB-7857,,14-10  Vermillion Road,0,0,1,1,1,,,,,,,,
mb-2193,varsity-view-nursery-school-2193,Varsity View Nursery School,Winnipeg,(204) 889-1642,MB-2193,,315  Laxdal Road,0,0,1,1,1,,,,,,,,
mb-3029,victor-mager-lunch-amp-after-school-program-inc-3029,Victor Mager Lunch &amp; After School Program Inc.,Winnipeg,(204) 256-3800,MB-3029,,81 Beliveau Road,0,0,1,1,1,,,,,,,,
mb-1062,victor-play-centre-1062,Victor Play Centre,Winnipeg,(204) 775-0946,MB-1062,,766 Victor Street,0,0,1,1,1,,,,,,,,
mb-3063,victoria-albert-day-care-inc-3063,Victoria Albert Day Care Inc.,Winnipeg,(204) 957-5955,MB-3063,,110  Ellen Street,0,0,1,1,1,,,,,,,,
mb-100824,victory-before-amp-after-school-program-100824,Victory Before &amp; After School Program,Winnipeg,(204) 338-3193,MB-100824,,395 Jefferson Avenue,0,0,1,1,1,,,,,,,,
mb-1298,village-child-care-meadowood-drive-1298,Village Child Care (Meadowood Drive),Winnipeg,(204) 987-1590,MB-1298,,515-525  Meadowood Drive,0,0,1,1,1,,,,,,,,
mb-3030,village-child-care-inc-3030,Village Child Care Inc.,Winnipeg,(204) 987-1595,MB-3030,,1-730 River Road,0,0,1,1,1,,,,,,,,
mb-100592,village-child-care-incorporated-minnetonka-schoo-100592,Village Child Care Incorporated - Minnetonka School,Winnipeg,(204) 257-8109,MB-100592,,18-200  Minnetonka Road,0,0,1,1,1,,,,,,,,
mb-3031,voyageur-in-school-program-inc-3031,Voyageur In School Program Inc.,Winnipeg,(204) 832-4707,MB-3031,,37 Voyageur Avenue,0,0,1,1,1,,,,,,,,
mb-1020,waverley-heights-child-care-inc-1020,Waverley Heights Child Care Inc.,Winnipeg,(204) 269-7450,MB-1020,,1885 Chancellor Drive,0,0,1,1,1,,,,,,,,
mb-1270,wee-bairns-infant-care-centre-1270,Wee Bairns Infant Care Centre,Winnipeg,(204) 958-6489,MB-1270,,260 Redonda Street,0,0,1,1,1,,,,,,,,
mb-2188,west-kildonan-tiny-tots-inc-2188,West Kildonan Tiny Tots Inc.,Winnipeg,(204) 339-1724,MB-2188,,346  Perth Avenue,0,0,1,1,1,,,,,,,,
mb-3032,westgrove-children-s-centre-inc-3032,Westgrove Children's Centre Inc.,Winnipeg,(204) 895-0296,MB-3032,,50  Westgrove Way,0,0,1,1,1,,,,,,,,
mb-3033,westminster-children-s-care-centre-3033,Westminster Children's Care Centre,Winnipeg,(204) 772-8476,MB-3033,,745 Westminster Avenue,0,0,1,1,1,,,,,,,,
mb-3035,westwood-community-child-care-inc-3035,Westwood Community Child Care Inc.,Winnipeg,(204) 889-5152,MB-3035,,181  Sansome Avenue,0,0,1,1,1,,,,,,,,
mb-9531,whyte-ridge-before-and-after-school-program-9531,Whyte Ridge Before and After School Program,Winnipeg,(204) 488-4534,MB-9531,,400  Scurfield Boulevard,0,0,1,1,1,,,,,,,,
mb-1063,wild-honey-children-s-centre-1063,Wild Honey Children's Centre,Winnipeg,(204) 786-1418,MB-1063,,811 St. Paul Avenue,0,0,1,1,1,,,,,,,,
mb-9112,wild-strawberry-children-s-centre-school-age-and-9112,Wild Strawberry Children's Centre - School Age and Toddler Program,Winnipeg,(204) 779-6272,MB-9112,,836 Ellice  Avenue,0,0,1,1,1,,,,,,,,
mb-2023,winakwa-nursery-school-inc-2023,Winakwa Nursery School Inc.,Winnipeg,(204) 512-2002,MB-2023,,866 Autumnwood Drive,0,0,1,1,1,,,,,,,,
mb-3036,windsor-park-children-s-care-center-inc-3036,Windsor Park Children's Care Center Inc.,Winnipeg,(204) 257-6066,MB-3036,,906 Cottonwood Road,0,0,1,1,1,,,,,,,,
mb-101756,windsor-park-children-s-care-centre-stepping-sto-101756,Windsor Park Children's Care Centre -Stepping Stones,Winnipeg,(204) 257-6066,MB-101756,,2-282  St.Anne's Road,0,0,1,1,1,,,,,,,,
mb-2121,winnipeg-beach-tiny-tots-inc-2121,Winnipeg Beach Tiny Tots Inc.,Winnipeg Beach,(204) 389-2645,MB-2121,,185  Churchill Road,0,0,1,1,1,,,,,,,,
mb-101167,winnipeg-mennonite-early-learning-christian-cent-101167,Winnipeg Mennonite Early Learning Christian Centre,Winnipeg,(204) 896-1887,MB-101167,,250 Bedson Street,0,0,1,1,1,,,,,,,,
mb-2335,winnipeg-military-family-resource-centre-nursery-2335,Winnipeg Military Family Resource Centre – Nursery School,Winnipeg,(204) 833-2500,MB-2335,,642  Wihuri Road,0,0,1,1,1,,,,,,,,
mb-102358,ymca-ywca-of-winnipeg-west-st-paul-102358,YMCA YWCA of Winnipeg West St Paul,Winnipeg,(431) 866-9764,MB-102358,,3740 Main Street,0,0,1,1,1,,,,,,,,
mb-101693,ymca-ywca-before-and-after-school-program-prince-101693,YMCA-YWCA Before and After School Program-Princess Margaret,Winnipeg,(431) 999-1100,MB-101693,,367  Hawthorne Avenue,0,0,1,1,1,,,,,,,,
mb-101870,ymca-ywca-julie-riel-before-and-after-101870,YMCA-YWCA Julie Riel Before and After,Winnipeg,(204) 831-2062,MB-101870,,316 Ashworth Street,0,0,1,1,1,,,,,,,,
mb-102118,ymca-ywca-of-winnipeg-ecole-guyot-102118,YMCA-YWCA of Winnipeg - Ecole Guyot,Winnipeg,(2042) 355-0045,MB-102118,,400  Willowlake Crescent,0,0,1,1,1,,,,,,,,
mb-102147,ymca-ywca-of-winnipeg-ecole-robert-browning-102147,YMCA-YWCA of Winnipeg - Ecole Robert Browning,Winnipeg,(204) 889-8642,MB-102147,,130  Browning Boulevard,0,0,1,1,1,,,,,,,,
mb-102119,ymca-ywca-of-winnipeg-island-lakes-community-sch-102119,YMCA-YWCA of Winnipeg - Island Lakes Community School,Winnipeg,(204) 953-7318,MB-102119,,445 Island Shore Boulevard,0,0,1,1,1,,,,,,,,
mb-102146,ymca-ywca-of-winnipeg-lord-nelson-school-102146,YMCA-YWCA of Winnipeg - Lord Nelson School,Winnipeg,(204) 228-5963,MB-102146,,820  McPhillips Street,0,0,1,1,1,,,,,,,,
mb-102148,ymca-ywca-of-winnipeg-riverview-school-102148,YMCA-YWCA of Winnipeg - Riverview School,Winnipeg,(204) 284-2683,MB-102148,,253 Maplewood Avenue,0,0,1,1,1,,,,,,,,
mb-102171,ymca-ywca-of-winnipeg-shamrock-school-102171,YMCA-YWCA of Winnipeg - Shamrock School,Winnipeg,(204) 257-1872,MB-102171,,831  Beaverhill Boulevard,0,0,1,1,1,,,,,,,,
mb-101939,ymca-ywca-of-winnipeg-darwin-before-amp-after-101939,YMCA-YWCA of Winnipeg Darwin Before &amp; After,Winnipeg,(204) 255-5116,MB-101939,,175  Darwin Street,0,0,1,1,1,,,,,,,,
mb-102541,ymca-ywca-of-winnipeg-linden-meadows-102541,YMCA-YWCA of Winnipeg Linden Meadows,Winnipeg,(204) 228-2770,MB-102541,,335  Lindenwood Drive E,0,0,1,1,1,,,,,,,,
mb-101755,ymca-ywca-of-winnipeg-tyndall-park-before-amp-af-101755,YMCA-YWCA of Winnipeg Tyndall Park Before &amp; After,Winnipeg,(431) 999-1600,MB-101755,,2221  King Edward Street,0,0,1,1,1,,,,,,,,
mb-102323,ymca-ywca-of-winnipeg-wolseley-before-and-after--102323,YMCA-YWCA of Winnipeg Wolseley Before and After School Program,Winnipeg,(204) 293-0198,MB-102323,,511  Clifton Street,0,0,1,1,1,,,,,,,,
mb-103060,ymca-ywca-of-winnipeg-grosvenor-103060,YMCA-YWCA of Winnipeg-Grosvenor,Winnipeg,(431) 668-9637,MB-103060,,1045 Grosvenor  Avenue (Ave),0,0,1,1,1,,,,,,,,
mb-101821,ymca-ywca-samuel-burland-before-amp-after-101821,YMCA-YWCA Samuel Burland Before &amp; After,Winnipeg,(204) 296-6878,MB-101821,,192 Burland Avenue,0,0,1,1,1,,,,,,,,
mb-100811,ymca-ywca-laura-secord-school-school-age-program-100811,YMCA/YWCA Laura Secord School School Age Program,Winnipeg,(204) 772-6443,MB-100811,,960  Wolseley avenue,0,0,1,1,1,,,,,,,,
mb-9238,yours-and-ours-day-care-inc-9238,Yours and Ours Day Care Inc.,Winnipeg,(204) 783-8914,MB-9238,,100-500 Balmoral Street,0,0,1,1,1,,,,,,,,
